# WaveFront *.obj file (generated by Autodesk ATF)

mtllib 6a086fd4-e18d-4bc1-83c6-9ef74274401d.mtl

g Body1

v -46.750000 -0.000000 0.000000
v -46.174430 -7.313311 0.000000
v -44.461892 -14.446544 0.000000
v -41.654555 -21.224056 0.000000
v -37.821544 -27.478961 0.000000
v -33.057242 -33.057242 0.000000
v -27.478961 -37.821544 0.000000
v -21.224056 -41.654555 0.000000
v -14.446544 -44.461892 0.000000
v -7.313311 -46.174430 0.000000
v 0.000000 -46.750000 0.000000
v 7.313311 -46.174430 0.000000
v 14.446544 -44.461892 0.000000
v 21.224056 -41.654555 0.000000
v 27.478961 -37.821544 0.000000
v 33.057242 -33.057242 0.000000
v 37.821544 -27.478961 0.000000
v 41.654555 -21.224056 0.000000
v 44.461892 -14.446544 0.000000
v 46.174430 -7.313311 0.000000
v 46.750000 0.000000 0.000000
v 46.174430 7.313311 0.000000
v 44.461892 14.446544 0.000000
v 41.654555 21.224056 0.000000
v 37.821544 27.478961 0.000000
v 33.057242 33.057242 0.000000
v 27.478961 37.821544 0.000000
v 21.224056 41.654555 0.000000
v 14.446544 44.461892 0.000000
v 7.313311 46.174430 0.000000
v 0.000000 46.750000 0.000000
v -7.313311 46.174430 0.000000
v -14.446544 44.461892 0.000000
v -21.224056 41.654555 0.000000
v -27.478961 37.821544 0.000000
v -33.057242 33.057242 0.000000
v -37.821544 27.478961 0.000000
v -41.654555 21.224056 0.000000
v -44.461892 14.446544 0.000000
v -46.174430 7.313311 0.000000
v -48.000000 0.000000 1.250000
v -47.409040 7.508854 1.250000
v -45.650713 14.832816 1.250000
v -42.768313 21.791544 1.250000
v -38.832816 28.213692 1.250000
v -33.941125 33.941125 1.250000
v -28.213692 38.832816 1.250000
v -21.791544 42.768313 1.250000
v -14.832816 45.650713 1.250000
v -7.508854 47.409040 1.250000
v 0.000000 48.000000 1.250000
v 7.508854 47.409040 1.250000
v 14.832816 45.650713 1.250000
v 21.791544 42.768313 1.250000
v 28.213692 38.832816 1.250000
v 33.941125 33.941125 1.250000
v 38.832816 28.213692 1.250000
v 42.768313 21.791544 1.250000
v 45.650713 14.832816 1.250000
v 47.409040 7.508854 1.250000
v 48.000000 0.000000 1.250000
v 47.409040 -7.508854 1.250000
v 45.650713 -14.832816 1.250000
v 42.768313 -21.791544 1.250000
v 38.832816 -28.213692 1.250000
v 33.941125 -33.941125 1.250000
v 28.213692 -38.832816 1.250000
v 21.791544 -42.768313 1.250000
v 14.832816 -45.650713 1.250000
v 7.508854 -47.409040 1.250000
v 0.000000 -48.000000 1.250000
v -7.508854 -47.409040 1.250000
v -14.832816 -45.650713 1.250000
v -21.791544 -42.768313 1.250000
v -28.213692 -38.832816 1.250000
v -33.941125 -33.941125 1.250000
v -38.832816 -28.213692 1.250000
v -42.768313 -21.791544 1.250000
v -45.650713 -14.832816 1.250000
v -47.409040 -7.508854 1.250000
v -47.073524 0.000000 0.042593
v -47.375000 0.000000 0.167468
v -47.633883 0.000000 0.366117
v -47.832532 0.000000 0.625000
v -47.957407 0.000000 0.926476
v -46.493971 -7.363922 0.042593
v -46.791735 -7.411083 0.167468
v -47.047431 -7.451581 0.366117
v -47.243634 -7.482657 0.625000
v -47.366972 -7.502191 0.926476
v -44.769582 -14.546519 0.042593
v -45.056302 -14.639680 0.167468
v -45.302515 -14.719680 0.366117
v -45.491441 -14.781065 0.625000
v -45.610205 -14.819654 0.926476
v -41.942817 -21.370933 0.042593
v -42.211434 -21.507800 0.167468
v -42.442101 -21.625331 0.366117
v -42.619098 -21.715515 0.625000
v -42.730363 -21.772207 0.926476
v -38.083281 -27.669123 0.042593
v -38.327180 -27.846326 0.167468
v -38.536621 -27.998494 0.366117
v -38.697331 -28.115257 0.625000
v -38.798357 -28.188657 0.926476
v -33.286008 -33.286008 0.042593
v -33.499184 -33.499184 0.167468
v -33.682242 -33.682242 0.366117
v -33.822708 -33.822708 0.625000
v -33.911008 -33.911008 0.926476
v -27.669123 -38.083281 0.042593
v -27.846326 -38.327180 0.167468
v -27.998494 -38.536621 0.366117
v -28.115257 -38.697331 0.625000
v -28.188657 -38.798357 0.926476
v -21.370933 -41.942817 0.042593
v -21.507800 -42.211434 0.167468
v -21.625331 -42.442101 0.366117
v -21.715515 -42.619098 0.625000
v -21.772207 -42.730363 0.926476
v -14.546519 -44.769582 0.042593
v -14.639680 -45.056302 0.167468
v -14.719680 -45.302515 0.366117
v -14.781065 -45.491441 0.625000
v -14.819654 -45.610205 0.926476
v -7.363922 -46.493971 0.042593
v -7.411083 -46.791735 0.167468
v -7.451581 -47.047431 0.366117
v -7.482657 -47.243634 0.625000
v -7.502191 -47.366972 0.926476
v 0.000000 -47.073524 0.042593
v 0.000000 -47.375000 0.167468
v 0.000000 -47.633883 0.366117
v 0.000000 -47.832532 0.625000
v 0.000000 -47.957407 0.926476
v 7.363922 -46.493971 0.042593
v 7.411083 -46.791735 0.167468
v 7.451581 -47.047431 0.366117
v 7.482657 -47.243634 0.625000
v 7.502191 -47.366972 0.926476
v 14.546519 -44.769582 0.042593
v 14.639680 -45.056302 0.167468
v 14.719680 -45.302515 0.366117
v 14.781065 -45.491441 0.625000
v 14.819654 -45.610205 0.926476
v 21.370933 -41.942817 0.042593
v 21.507800 -42.211434 0.167468
v 21.625331 -42.442101 0.366117
v 21.715515 -42.619098 0.625000
v 21.772207 -42.730363 0.926476
v 27.669123 -38.083281 0.042593
v 27.846326 -38.327180 0.167468
v 27.998494 -38.536621 0.366117
v 28.115257 -38.697331 0.625000
v 28.188657 -38.798357 0.926476
v 33.286008 -33.286008 0.042593
v 33.499184 -33.499184 0.167468
v 33.682242 -33.682242 0.366117
v 33.822708 -33.822708 0.625000
v 33.911008 -33.911008 0.926476
v 38.083281 -27.669123 0.042593
v 38.327180 -27.846326 0.167468
v 38.536621 -27.998494 0.366117
v 38.697331 -28.115257 0.625000
v 38.798357 -28.188657 0.926476
v 41.942817 -21.370933 0.042593
v 42.211434 -21.507800 0.167468
v 42.442101 -21.625331 0.366117
v 42.619098 -21.715515 0.625000
v 42.730363 -21.772207 0.926476
v 44.769582 -14.546519 0.042593
v 45.056302 -14.639680 0.167468
v 45.302515 -14.719680 0.366117
v 45.491441 -14.781065 0.625000
v 45.610205 -14.819654 0.926476
v 46.493971 -7.363922 0.042593
v 46.791735 -7.411083 0.167468
v 47.047431 -7.451581 0.366117
v 47.243634 -7.482657 0.625000
v 47.366972 -7.502191 0.926476
v 47.073524 0.000000 0.042593
v 47.375000 0.000000 0.167468
v 47.633883 0.000000 0.366117
v 47.832532 0.000000 0.625000
v 47.957407 0.000000 0.926476
v 46.493971 7.363922 0.042593
v 46.791735 7.411083 0.167468
v 47.047431 7.451581 0.366117
v 47.243634 7.482657 0.625000
v 47.366972 7.502191 0.926476
v 44.769582 14.546519 0.042593
v 45.056302 14.639680 0.167468
v 45.302515 14.719680 0.366117
v 45.491441 14.781065 0.625000
v 45.610205 14.819654 0.926476
v 41.942817 21.370933 0.042593
v 42.211434 21.507800 0.167468
v 42.442101 21.625331 0.366117
v 42.619098 21.715515 0.625000
v 42.730363 21.772207 0.926476
v 38.083281 27.669123 0.042593
v 38.327180 27.846326 0.167468
v 38.536621 27.998494 0.366117
v 38.697331 28.115257 0.625000
v 38.798357 28.188657 0.926476
v 33.286008 33.286008 0.042593
v 33.499184 33.499184 0.167468
v 33.682242 33.682242 0.366117
v 33.822708 33.822708 0.625000
v 33.911008 33.911008 0.926476
v 27.669123 38.083281 0.042593
v 27.846326 38.327180 0.167468
v 27.998494 38.536621 0.366117
v 28.115257 38.697331 0.625000
v 28.188657 38.798357 0.926476
v 21.370933 41.942817 0.042593
v 21.507800 42.211434 0.167468
v 21.625331 42.442101 0.366117
v 21.715515 42.619098 0.625000
v 21.772207 42.730363 0.926476
v 14.546519 44.769582 0.042593
v 14.639680 45.056302 0.167468
v 14.719680 45.302515 0.366117
v 14.781065 45.491441 0.625000
v 14.819654 45.610205 0.926476
v 7.363922 46.493971 0.042593
v 7.411083 46.791735 0.167468
v 7.451581 47.047431 0.366117
v 7.482657 47.243634 0.625000
v 7.502191 47.366972 0.926476
v 0.000000 47.073524 0.042593
v 0.000000 47.375000 0.167468
v 0.000000 47.633883 0.366117
v 0.000000 47.832532 0.625000
v 0.000000 47.957407 0.926476
v -7.363922 46.493971 0.042593
v -7.411083 46.791735 0.167468
v -7.451581 47.047431 0.366117
v -7.482657 47.243634 0.625000
v -7.502191 47.366972 0.926476
v -14.546519 44.769582 0.042593
v -14.639680 45.056302 0.167468
v -14.719680 45.302515 0.366117
v -14.781065 45.491441 0.625000
v -14.819654 45.610205 0.926476
v -21.370933 41.942817 0.042593
v -21.507800 42.211434 0.167468
v -21.625331 42.442101 0.366117
v -21.715515 42.619098 0.625000
v -21.772207 42.730363 0.926476
v -27.669123 38.083281 0.042593
v -27.846326 38.327180 0.167468
v -27.998494 38.536621 0.366117
v -28.115257 38.697331 0.625000
v -28.188657 38.798357 0.926476
v -33.286008 33.286008 0.042593
v -33.499184 33.499184 0.167468
v -33.682242 33.682242 0.366117
v -33.822708 33.822708 0.625000
v -33.911008 33.911008 0.926476
v -38.083281 27.669123 0.042593
v -38.327180 27.846326 0.167468
v -38.536621 27.998494 0.366117
v -38.697331 28.115257 0.625000
v -38.798357 28.188657 0.926476
v -41.942817 21.370933 0.042593
v -42.211434 21.507800 0.167468
v -42.442101 21.625331 0.366117
v -42.619098 21.715515 0.625000
v -42.730363 21.772207 0.926476
v -44.769582 14.546519 0.042593
v -45.056302 14.639680 0.167468
v -45.302515 14.719680 0.366117
v -45.491441 14.781065 0.625000
v -45.610205 14.819654 0.926476
v -46.493971 7.363922 0.042593
v -46.791735 7.411083 0.167468
v -47.047431 7.451581 0.366117
v -47.243634 7.482657 0.625000
v -47.366972 7.502191 0.926476
v 48.000000 0.000000 17.750000
v 47.409040 -7.508854 17.750000
v 45.650713 -14.832816 17.750000
v 42.768313 -21.791544 17.750000
v 38.832816 -28.213692 17.750000
v 33.941125 -33.941125 17.750000
v 28.213692 -38.832816 17.750000
v 21.791544 -42.768313 17.750000
v 14.832816 -45.650713 17.750000
v 7.508854 -47.409040 17.750000
v -0.000000 -48.000000 17.750000
v -7.508854 -47.409040 17.750000
v -14.832816 -45.650713 17.750000
v -21.791544 -42.768313 17.750000
v -28.213692 -38.832816 17.750000
v -33.941125 -33.941125 17.750000
v -38.832816 -28.213692 17.750000
v -42.768313 -21.791544 17.750000
v -45.650713 -14.832816 17.750000
v -47.409040 -7.508854 17.750000
v -48.000000 0.000000 17.750000
v -47.409040 7.508854 17.750000
v -45.650713 14.832816 17.750000
v -42.768313 21.791544 17.750000
v -38.832816 28.213692 17.750000
v -33.941125 33.941125 17.750000
v -28.213692 38.832816 17.750000
v -21.791544 42.768313 17.750000
v -14.832816 45.650713 17.750000
v -7.508854 47.409040 17.750000
v -0.000000 48.000000 17.750000
v 7.508854 47.409040 17.750000
v 14.832816 45.650713 17.750000
v 21.791544 42.768313 17.750000
v 28.213692 38.832816 17.750000
v 33.941125 33.941125 17.750000
v 38.832816 28.213692 17.750000
v 42.768313 21.791544 17.750000
v 45.650713 14.832816 17.750000
v 47.409040 7.508854 17.750000
v 45.500000 -0.000000 17.750000
v 44.910787 -7.298713 17.750000
v 43.158408 -14.408394 17.750000
v 40.288249 -21.144904 17.750000
v 36.374646 -27.333773 17.750000
v 31.518958 -32.814711 17.750000
v 25.846946 -37.445766 17.750000
v 19.505512 -41.106995 17.750000
v 12.658895 -43.703574 17.750000
v 5.484419 -45.168254 17.750000
v -1.832100 -45.463099 17.750000
v -9.101169 -44.580475 17.750000
v -16.134522 -42.543239 17.750000
v -22.750000 -39.404156 17.750000
v -28.776265 -35.244526 17.750000
v -34.057239 -30.172081 17.750000
v -38.456149 -24.318195 17.750000
v -41.859065 -17.834481 17.750000
v -44.177853 -10.888863 17.750000
v -45.352458 -3.661229 17.750000
v -45.352458 3.661229 17.750000
v -44.177853 10.888863 17.750000
v -41.859065 17.834481 17.750000
v -38.456149 24.318195 17.750000
v -34.057239 30.172081 17.750000
v -28.776265 35.244526 17.750000
v -22.750000 39.404156 17.750000
v -16.134522 42.543239 17.750000
v -9.101169 44.580475 17.750000
v -1.832100 45.463099 17.750000
v 5.484419 45.168254 17.750000
v 12.658895 43.703574 17.750000
v 19.505512 41.106995 17.750000
v 25.846946 37.445766 17.750000
v 31.518958 32.814711 17.750000
v 36.374646 27.333773 17.750000
v 40.288249 21.144904 17.750000
v 43.158408 14.408394 17.750000
v 44.910787 7.298713 17.750000
v 47.957407 -0.000000 18.073524
v 47.832532 -0.000000 18.375000
v 47.633883 -0.000000 18.633883
v 47.375000 -0.000000 18.832532
v 47.073524 -0.000000 18.957407
v 46.750000 -0.000000 19.000000
v 46.426476 -0.000000 18.957407
v 46.125000 -0.000000 18.832532
v 45.866117 -0.000000 18.633883
v 45.667468 -0.000000 18.375000
v 45.542593 -0.000000 18.073524
v 47.366972 7.502191 18.073524
v 47.243634 7.482657 18.375000
v 47.047431 7.451581 18.633883
v 46.791735 7.411083 18.832532
v 46.493971 7.363922 18.957407
v 46.174430 7.313311 19.000000
v 45.854889 7.262701 18.957407
v 45.557125 7.215540 18.832532
v 45.301429 7.175041 18.633883
v 45.105226 7.143966 18.375000
v 44.981888 7.124431 18.073524
v 45.610205 14.819654 18.073524
v 45.491441 14.781065 18.375000
v 45.302515 14.719680 18.633883
v 45.056302 14.639680 18.832532
v 44.769582 14.546519 18.957407
v 44.461892 14.446544 19.000000
v 44.154203 14.346570 18.957407
v 43.867482 14.253409 18.832532
v 43.621269 14.173409 18.633883
v 43.432343 14.112024 18.375000
v 43.313580 14.073435 18.073524
v 42.730363 21.772207 18.073524
v 42.619098 21.715515 18.375000
v 42.442101 21.625331 18.633883
v 42.211434 21.507800 18.832532
v 41.942817 21.370933 18.957407
v 41.654555 21.224056 19.000000
v 41.366293 21.077179 18.957407
v 41.097676 20.940312 18.832532
v 40.867009 20.822781 18.633883
v 40.690012 20.732597 18.375000
v 40.578747 20.675904 18.073524
v 38.798357 28.188657 18.073524
v 38.697331 28.115257 18.375000
v 38.536621 27.998494 18.633883
v 38.327180 27.846326 18.832532
v 38.083281 27.669123 18.957407
v 37.821544 27.478961 19.000000
v 37.559808 27.288798 18.957407
v 37.315909 27.111595 18.832532
v 37.106468 26.959427 18.633883
v 36.945758 26.842664 18.375000
v 36.844731 26.769264 18.073524
v 33.911008 33.911008 18.073524
v 33.822708 33.822708 18.375000
v 33.682242 33.682242 18.633883
v 33.499184 33.499184 18.832532
v 33.286008 33.286008 18.957407
v 33.057242 33.057242 19.000000
v 32.828476 32.828476 18.957407
v 32.615300 32.615300 18.832532
v 32.432242 32.432242 18.633883
v 32.291776 32.291776 18.375000
v 32.203476 32.203476 18.073524
v 28.188657 38.798357 18.073524
v 28.115257 38.697331 18.375000
v 27.998494 38.536621 18.633883
v 27.846326 38.327180 18.832532
v 27.669123 38.083281 18.957407
v 27.478961 37.821544 19.000000
v 27.288798 37.559808 18.957407
v 27.111595 37.315909 18.832532
v 26.959427 37.106468 18.633883
v 26.842664 36.945758 18.375000
v 26.769264 36.844731 18.073524
v 21.772207 42.730363 18.073524
v 21.715515 42.619098 18.375000
v 21.625331 42.442101 18.633883
v 21.507800 42.211434 18.832532
v 21.370933 41.942817 18.957407
v 21.224056 41.654555 19.000000
v 21.077179 41.366293 18.957407
v 20.940312 41.097676 18.832532
v 20.822781 40.867009 18.633883
v 20.732597 40.690012 18.375000
v 20.675904 40.578747 18.073524
v 14.819654 45.610205 18.073524
v 14.781065 45.491441 18.375000
v 14.719680 45.302515 18.633883
v 14.639680 45.056302 18.832532
v 14.546519 44.769582 18.957407
v 14.446544 44.461892 19.000000
v 14.346570 44.154203 18.957407
v 14.253409 43.867482 18.832532
v 14.173409 43.621269 18.633883
v 14.112024 43.432343 18.375000
v 14.073435 43.313580 18.073524
v 7.502191 47.366972 18.073524
v 7.482657 47.243634 18.375000
v 7.451581 47.047431 18.633883
v 7.411083 46.791735 18.832532
v 7.363922 46.493971 18.957407
v 7.313311 46.174430 19.000000
v 7.262701 45.854889 18.957407
v 7.215540 45.557125 18.832532
v 7.175041 45.301429 18.633883
v 7.143966 45.105226 18.375000
v 7.124431 44.981888 18.073524
v -0.000000 47.957407 18.073524
v -0.000000 47.832532 18.375000
v -0.000000 47.633883 18.633883
v -0.000000 47.375000 18.832532
v -0.000000 47.073524 18.957407
v -0.000000 46.750000 19.000000
v -0.000000 46.426476 18.957407
v -0.000000 46.125000 18.832532
v -0.000000 45.866117 18.633883
v -0.000000 45.667468 18.375000
v -0.000000 45.542593 18.073524
v -7.502191 47.366972 18.073524
v -7.482657 47.243634 18.375000
v -7.451581 47.047431 18.633883
v -7.411083 46.791735 18.832532
v -7.363922 46.493971 18.957407
v -7.313311 46.174430 19.000000
v -7.262701 45.854889 18.957407
v -7.215540 45.557125 18.832532
v -7.175041 45.301429 18.633883
v -7.143966 45.105226 18.375000
v -7.124431 44.981888 18.073524
v -14.819654 45.610205 18.073524
v -14.781065 45.491441 18.375000
v -14.719680 45.302515 18.633883
v -14.639680 45.056302 18.832532
v -14.546519 44.769582 18.957407
v -14.446544 44.461892 19.000000
v -14.346570 44.154203 18.957407
v -14.253409 43.867482 18.832532
v -14.173409 43.621269 18.633883
v -14.112024 43.432343 18.375000
v -14.073435 43.313580 18.073524
v -21.772207 42.730363 18.073524
v -21.715515 42.619098 18.375000
v -21.625331 42.442101 18.633883
v -21.507800 42.211434 18.832532
v -21.370933 41.942817 18.957407
v -21.224056 41.654555 19.000000
v -21.077179 41.366293 18.957407
v -20.940312 41.097676 18.832532
v -20.822781 40.867009 18.633883
v -20.732597 40.690012 18.375000
v -20.675904 40.578747 18.073524
v -28.188657 38.798357 18.073524
v -28.115257 38.697331 18.375000
v -27.998494 38.536621 18.633883
v -27.846326 38.327180 18.832532
v -27.669123 38.083281 18.957407
v -27.478961 37.821544 19.000000
v -27.288798 37.559808 18.957407
v -27.111595 37.315909 18.832532
v -26.959427 37.106468 18.633883
v -26.842664 36.945758 18.375000
v -26.769264 36.844731 18.073524
v -33.911008 33.911008 18.073524
v -33.822708 33.822708 18.375000
v -33.682242 33.682242 18.633883
v -33.499184 33.499184 18.832532
v -33.286008 33.286008 18.957407
v -33.057242 33.057242 19.000000
v -32.828476 32.828476 18.957407
v -32.615300 32.615300 18.832532
v -32.432242 32.432242 18.633883
v -32.291776 32.291776 18.375000
v -32.203476 32.203476 18.073524
v -38.798357 28.188657 18.073524
v -38.697331 28.115257 18.375000
v -38.536621 27.998494 18.633883
v -38.327180 27.846326 18.832532
v -38.083281 27.669123 18.957407
v -37.821544 27.478961 19.000000
v -37.559808 27.288798 18.957407
v -37.315909 27.111595 18.832532
v -37.106468 26.959427 18.633883
v -36.945758 26.842664 18.375000
v -36.844731 26.769264 18.073524
v -42.730363 21.772207 18.073524
v -42.619098 21.715515 18.375000
v -42.442101 21.625331 18.633883
v -42.211434 21.507800 18.832532
v -41.942817 21.370933 18.957407
v -41.654555 21.224056 19.000000
v -41.366293 21.077179 18.957407
v -41.097676 20.940312 18.832532
v -40.867009 20.822781 18.633883
v -40.690012 20.732597 18.375000
v -40.578747 20.675904 18.073524
v -45.610205 14.819654 18.073524
v -45.491441 14.781065 18.375000
v -45.302515 14.719680 18.633883
v -45.056302 14.639680 18.832532
v -44.769582 14.546519 18.957407
v -44.461892 14.446544 19.000000
v -44.154203 14.346570 18.957407
v -43.867482 14.253409 18.832532
v -43.621269 14.173409 18.633883
v -43.432343 14.112024 18.375000
v -43.313580 14.073435 18.073524
v -47.366972 7.502191 18.073524
v -47.243634 7.482657 18.375000
v -47.047431 7.451581 18.633883
v -46.791735 7.411083 18.832532
v -46.493971 7.363922 18.957407
v -46.174430 7.313311 19.000000
v -45.854889 7.262701 18.957407
v -45.557125 7.215540 18.832532
v -45.301429 7.175041 18.633883
v -45.105226 7.143966 18.375000
v -44.981888 7.124431 18.073524
v -47.957407 -0.000000 18.073524
v -47.832532 -0.000000 18.375000
v -47.633883 -0.000000 18.633883
v -47.375000 -0.000000 18.832532
v -47.073524 -0.000000 18.957407
v -46.750000 -0.000000 19.000000
v -46.426476 -0.000000 18.957407
v -46.125000 -0.000000 18.832532
v -45.866117 -0.000000 18.633883
v -45.667468 -0.000000 18.375000
v -45.542593 -0.000000 18.073524
v -47.366972 -7.502191 18.073524
v -47.243634 -7.482657 18.375000
v -47.047431 -7.451581 18.633883
v -46.791735 -7.411083 18.832532
v -46.493971 -7.363922 18.957407
v -46.174430 -7.313311 19.000000
v -45.854889 -7.262701 18.957407
v -45.557125 -7.215540 18.832532
v -45.301429 -7.175041 18.633883
v -45.105226 -7.143966 18.375000
v -44.981888 -7.124431 18.073524
v -45.610205 -14.819654 18.073524
v -45.491441 -14.781065 18.375000
v -45.302515 -14.719680 18.633883
v -45.056302 -14.639680 18.832532
v -44.769582 -14.546519 18.957407
v -44.461892 -14.446544 19.000000
v -44.154203 -14.346570 18.957407
v -43.867482 -14.253409 18.832532
v -43.621269 -14.173409 18.633883
v -43.432343 -14.112024 18.375000
v -43.313580 -14.073435 18.073524
v -42.730363 -21.772207 18.073524
v -42.619098 -21.715515 18.375000
v -42.442101 -21.625331 18.633883
v -42.211434 -21.507800 18.832532
v -41.942817 -21.370933 18.957407
v -41.654555 -21.224056 19.000000
v -41.366293 -21.077179 18.957407
v -41.097676 -20.940312 18.832532
v -40.867009 -20.822781 18.633883
v -40.690012 -20.732597 18.375000
v -40.578747 -20.675904 18.073524
v -38.798357 -28.188657 18.073524
v -38.697331 -28.115257 18.375000
v -38.536621 -27.998494 18.633883
v -38.327180 -27.846326 18.832532
v -38.083281 -27.669123 18.957407
v -37.821544 -27.478961 19.000000
v -37.559808 -27.288798 18.957407
v -37.315909 -27.111595 18.832532
v -37.106468 -26.959427 18.633883
v -36.945758 -26.842664 18.375000
v -36.844731 -26.769264 18.073524
v -33.911008 -33.911008 18.073524
v -33.822708 -33.822708 18.375000
v -33.682242 -33.682242 18.633883
v -33.499184 -33.499184 18.832532
v -33.286008 -33.286008 18.957407
v -33.057242 -33.057242 19.000000
v -32.828476 -32.828476 18.957407
v -32.615300 -32.615300 18.832532
v -32.432242 -32.432242 18.633883
v -32.291776 -32.291776 18.375000
v -32.203476 -32.203476 18.073524
v -28.188657 -38.798357 18.073524
v -28.115257 -38.697331 18.375000
v -27.998494 -38.536621 18.633883
v -27.846326 -38.327180 18.832532
v -27.669123 -38.083281 18.957407
v -27.478961 -37.821544 19.000000
v -27.288798 -37.559808 18.957407
v -27.111595 -37.315909 18.832532
v -26.959427 -37.106468 18.633883
v -26.842664 -36.945758 18.375000
v -26.769264 -36.844731 18.073524
v -21.772207 -42.730363 18.073524
v -21.715515 -42.619098 18.375000
v -21.625331 -42.442101 18.633883
v -21.507800 -42.211434 18.832532
v -21.370933 -41.942817 18.957407
v -21.224056 -41.654555 19.000000
v -21.077179 -41.366293 18.957407
v -20.940312 -41.097676 18.832532
v -20.822781 -40.867009 18.633883
v -20.732597 -40.690012 18.375000
v -20.675904 -40.578747 18.073524
v -14.819654 -45.610205 18.073524
v -14.781065 -45.491441 18.375000
v -14.719680 -45.302515 18.633883
v -14.639680 -45.056302 18.832532
v -14.546519 -44.769582 18.957407
v -14.446544 -44.461892 19.000000
v -14.346570 -44.154203 18.957407
v -14.253409 -43.867482 18.832532
v -14.173409 -43.621269 18.633883
v -14.112024 -43.432343 18.375000
v -14.073435 -43.313580 18.073524
v -7.502191 -47.366972 18.073524
v -7.482657 -47.243634 18.375000
v -7.451581 -47.047431 18.633883
v -7.411083 -46.791735 18.832532
v -7.363922 -46.493971 18.957407
v -7.313311 -46.174430 19.000000
v -7.262701 -45.854889 18.957407
v -7.215540 -45.557125 18.832532
v -7.175041 -45.301429 18.633883
v -7.143966 -45.105226 18.375000
v -7.124431 -44.981888 18.073524
v -0.000000 -47.957407 18.073524
v -0.000000 -47.832532 18.375000
v -0.000000 -47.633883 18.633883
v -0.000000 -47.375000 18.832532
v -0.000000 -47.073524 18.957407
v -0.000000 -46.750000 19.000000
v -0.000000 -46.426476 18.957407
v -0.000000 -46.125000 18.832532
v -0.000000 -45.866117 18.633883
v -0.000000 -45.667468 18.375000
v -0.000000 -45.542593 18.073524
v 7.502191 -47.366972 18.073524
v 7.482657 -47.243634 18.375000
v 7.451581 -47.047431 18.633883
v 7.411083 -46.791735 18.832532
v 7.363922 -46.493971 18.957407
v 7.313311 -46.174430 19.000000
v 7.262701 -45.854889 18.957407
v 7.215540 -45.557125 18.832532
v 7.175041 -45.301429 18.633883
v 7.143966 -45.105226 18.375000
v 7.124431 -44.981888 18.073524
v 14.819654 -45.610205 18.073524
v 14.781065 -45.491441 18.375000
v 14.719680 -45.302515 18.633883
v 14.639680 -45.056302 18.832532
v 14.546519 -44.769582 18.957407
v 14.446544 -44.461892 19.000000
v 14.346570 -44.154203 18.957407
v 14.253409 -43.867482 18.832532
v 14.173409 -43.621269 18.633883
v 14.112024 -43.432343 18.375000
v 14.073435 -43.313580 18.073524
v 21.772207 -42.730363 18.073524
v 21.715515 -42.619098 18.375000
v 21.625331 -42.442101 18.633883
v 21.507800 -42.211434 18.832532
v 21.370933 -41.942817 18.957407
v 21.224056 -41.654555 19.000000
v 21.077179 -41.366293 18.957407
v 20.940312 -41.097676 18.832532
v 20.822781 -40.867009 18.633883
v 20.732597 -40.690012 18.375000
v 20.675904 -40.578747 18.073524
v 28.188657 -38.798357 18.073524
v 28.115257 -38.697331 18.375000
v 27.998494 -38.536621 18.633883
v 27.846326 -38.327180 18.832532
v 27.669123 -38.083281 18.957407
v 27.478961 -37.821544 19.000000
v 27.288798 -37.559808 18.957407
v 27.111595 -37.315909 18.832532
v 26.959427 -37.106468 18.633883
v 26.842664 -36.945758 18.375000
v 26.769264 -36.844731 18.073524
v 33.911008 -33.911008 18.073524
v 33.822708 -33.822708 18.375000
v 33.682242 -33.682242 18.633883
v 33.499184 -33.499184 18.832532
v 33.286008 -33.286008 18.957407
v 33.057242 -33.057242 19.000000
v 32.828476 -32.828476 18.957407
v 32.615300 -32.615300 18.832532
v 32.432242 -32.432242 18.633883
v 32.291776 -32.291776 18.375000
v 32.203476 -32.203476 18.073524
v 38.798357 -28.188657 18.073524
v 38.697331 -28.115257 18.375000
v 38.536621 -27.998494 18.633883
v 38.327180 -27.846326 18.832532
v 38.083281 -27.669123 18.957407
v 37.821544 -27.478961 19.000000
v 37.559808 -27.288798 18.957407
v 37.315909 -27.111595 18.832532
v 37.106468 -26.959427 18.633883
v 36.945758 -26.842664 18.375000
v 36.844731 -26.769264 18.073524
v 42.730363 -21.772207 18.073524
v 42.619098 -21.715515 18.375000
v 42.442101 -21.625331 18.633883
v 42.211434 -21.507800 18.832532
v 41.942817 -21.370933 18.957407
v 41.654555 -21.224056 19.000000
v 41.366293 -21.077179 18.957407
v 41.097676 -20.940312 18.832532
v 40.867009 -20.822781 18.633883
v 40.690012 -20.732597 18.375000
v 40.578747 -20.675904 18.073524
v 45.610205 -14.819654 18.073524
v 45.491441 -14.781065 18.375000
v 45.302515 -14.719680 18.633883
v 45.056302 -14.639680 18.832532
v 44.769582 -14.546519 18.957407
v 44.461892 -14.446544 19.000000
v 44.154203 -14.346570 18.957407
v 43.867482 -14.253409 18.832532
v 43.621269 -14.173409 18.633883
v 43.432343 -14.112024 18.375000
v 43.313580 -14.073435 18.073524
v 47.366972 -7.502191 18.073524
v 47.243634 -7.482657 18.375000
v 47.047431 -7.451581 18.633883
v 46.791735 -7.411083 18.832532
v 46.493971 -7.363922 18.957407
v 46.174430 -7.313311 19.000000
v 45.854889 -7.262701 18.957407
v 45.557125 -7.215540 18.832532
v 45.301429 -7.175041 18.633883
v 45.105226 -7.143966 18.375000
v 44.981888 -7.124431 18.073524
v 45.500000 0.000000 5.000000
v 44.910787 -7.298713 5.000000
v 43.158408 -14.408394 5.000000
v 40.288249 -21.144904 5.000000
v 36.374646 -27.333773 5.000000
v 31.518958 -32.814711 5.000000
v 25.846946 -37.445766 5.000000
v 19.505512 -41.106995 5.000000
v 12.658895 -43.703574 5.000000
v 5.484419 -45.168254 5.000000
v -1.832100 -45.463099 5.000000
v -9.101169 -44.580475 5.000000
v -16.134522 -42.543239 5.000000
v -22.750000 -39.404156 5.000000
v -28.776265 -35.244526 5.000000
v -34.057239 -30.172081 5.000000
v -38.456149 -24.318195 5.000000
v -41.859065 -17.834481 5.000000
v -44.177853 -10.888863 5.000000
v -45.352458 -3.661229 5.000000
v -45.352458 3.661229 5.000000
v -44.177853 10.888863 5.000000
v -41.859065 17.834481 5.000000
v -38.456149 24.318195 5.000000
v -34.057239 30.172081 5.000000
v -28.776265 35.244526 5.000000
v -22.750000 39.404156 5.000000
v -16.134522 42.543239 5.000000
v -9.101169 44.580475 5.000000
v -1.832100 45.463099 5.000000
v 5.484419 45.168254 5.000000
v 12.658895 43.703574 5.000000
v 19.505512 41.106995 5.000000
v 25.846946 37.445766 5.000000
v 31.518958 32.814711 5.000000
v 36.374646 27.333773 5.000000
v 40.288249 21.144904 5.000000
v 43.158408 14.408394 5.000000
v 44.910787 7.298713 5.000000
v 25.000000 0.000000 35.000000
v 24.415514 5.374261 35.000000
v 22.689385 10.497228 35.000000
v 19.902327 15.129355 35.000000
v 16.184657 19.054051 35.000000
v 11.710211 22.087801 35.000000
v 6.688208 24.088750 35.000000
v 1.353473 24.963335 35.000000
v -4.044550 24.670663 35.000000
v -9.253454 23.224418 35.000000
v -14.029677 20.692225 35.000000
v -18.149887 17.192486 35.000000
v -21.421429 12.888846 35.000000
v -23.691329 7.982538 35.000000
v -24.853449 2.702975 35.000000
v -24.853449 -2.702975 35.000000
v -23.691329 -7.982538 35.000000
v -21.421429 -12.888846 35.000000
v -18.149887 -17.192486 35.000000
v -14.029677 -20.692225 35.000000
v -9.253454 -23.224418 35.000000
v -4.044550 -24.670663 35.000000
v 1.353473 -24.963335 35.000000
v 6.688208 -24.088750 35.000000
v 11.710211 -22.087801 35.000000
v 16.184657 -19.054051 35.000000
v 19.902327 -15.129355 35.000000
v 22.689385 -10.497228 35.000000
v 24.415514 -5.374261 35.000000
v -0.000000 0.000000 60.000000
v -24.519632 0.000000 39.877258
v -23.096988 0.000000 44.567086
v -20.786740 0.000000 48.889256
v -17.677670 0.000000 52.677670
v -13.889256 0.000000 55.786740
v -9.567086 0.000000 58.096988
v -4.877258 0.000000 59.519632
v 24.375897 2.651039 39.877258
v 22.961593 2.497224 44.567086
v 20.664888 2.247442 48.889256
v 17.574042 1.911292 52.677670
v 13.807836 1.501693 55.786740
v 9.511003 1.034384 58.096988
v 4.848667 0.527324 59.519632
v 4.848667 -0.527324 59.519632
v 9.511003 -1.034384 58.096988
v 13.807836 -1.501693 55.786740
v 17.574042 -1.911292 52.677670
v 20.664888 -2.247442 48.889256
v 22.961593 -2.497224 44.567086
v 24.375897 -2.651039 39.877258
v 23.236107 7.829156 39.877258
v 21.887934 7.374904 44.567086
v 19.698620 6.637238 48.889256
v 16.752300 5.644507 52.677670
v 13.162197 4.434861 55.786740
v 9.066279 3.054785 58.096988
v 4.621949 1.557316 59.519632
v 21.009823 12.641191 39.877258
v 19.790820 11.907741 44.567086
v 17.811268 10.716684 48.889256
v 15.147238 9.113791 52.677670
v 11.901109 7.160659 55.786740
v 8.197626 4.932348 58.096988
v 4.179114 2.514489 59.519632
v 17.801142 16.862138 39.877258
v 16.768309 15.883786 44.567086
v 15.091080 14.295030 48.889256
v 12.833908 12.156924 52.677670
v 10.083537 9.551634 55.786740
v 6.945661 6.579280 58.096988
v 3.540867 3.354088 59.519632
v 13.760100 20.294630 39.877258
v 12.961731 19.117123 44.567086
v 11.665250 17.204956 48.889256
v 9.920479 14.631613 52.677670
v 7.794471 11.495984 55.786740
v 5.368925 7.918572 58.096988
v 2.737054 4.036853 59.519632
v 9.075651 22.778167 39.877258
v 8.549077 21.456564 44.567086
v 7.693966 19.310398 48.889256
v 6.543180 16.422143 52.677670
v 5.140944 12.902795 55.786740
v 3.541143 8.887600 58.096988
v 1.805259 4.530859 59.519632
v 3.966835 24.196623 39.877258
v 3.736677 22.792721 44.567086
v 3.362920 20.512907 48.889256
v 2.859929 17.444793 52.677670
v 2.247032 13.706286 55.786740
v 1.547782 9.441054 58.096988
v 0.789053 4.813008 59.519632
v -1.327466 24.483672 39.877258
v -1.250446 23.063115 44.567086
v -1.125371 20.756255 48.889256
v -0.957050 17.651744 52.677670
v -0.751949 13.868886 55.786740
v -0.517952 9.553055 58.096988
v -0.264049 4.870105 59.519632
v -6.559696 23.625891 39.877258
v -6.179099 22.255103 44.567086
v -5.561042 20.029063 48.889256
v -4.729278 17.033318 52.677670
v -3.715770 13.382992 55.786740
v -2.559467 9.218365 58.096988
v -1.304805 4.699482 59.519632
v -11.485203 21.663390 39.877258
v -10.818824 20.406467 44.567086
v -9.736685 18.365335 48.889256
v -8.280370 15.618434 52.677670
v -6.505845 12.271325 55.786740
v -4.481304 8.452636 58.096988
v -2.284549 4.309116 59.519632
v -15.873673 18.687933 39.877258
v -14.952673 17.603648 44.567086
v -13.457051 15.842865 48.889256
v -11.444281 13.473249 52.677670
v -8.991714 10.585864 55.786740
v -6.193600 7.291670 58.096988
v -3.157470 3.717261 59.519632
v -19.519909 14.838649 39.877258
v -18.387352 13.977702 44.567086
v -16.548180 12.579599 48.889256
v -14.073070 10.698070 52.677670
v -11.057140 8.405419 55.786740
v -7.616291 5.789754 58.096988
v -3.882751 2.951591 59.519632
v -22.253415 10.295526 39.877258
v -20.962259 9.698174 44.567086
v -18.865535 8.728126 48.889256
v -16.043818 7.422661 52.677670
v -12.605547 5.831947 55.786740
v -8.682852 4.017115 58.096988
v -4.426480 2.047908 59.519632
v -23.946377 5.270996 39.877258
v -22.556994 4.965170 44.567086
v -20.300758 4.468535 48.889256
v -17.264375 3.800176 52.677670
v -13.564533 2.985779 55.786740
v -9.343413 2.056641 58.096988
v -4.763230 1.048466 59.519632
v -23.946377 -5.270996 39.877258
v -22.556994 -4.965170 44.567086
v -20.300758 -4.468535 48.889256
v -17.264375 -3.800176 52.677670
v -13.564533 -2.985779 55.786740
v -9.343413 -2.056641 58.096988
v -4.763230 -1.048466 59.519632
v -22.253415 -10.295526 39.877258
v -20.962259 -9.698174 44.567086
v -18.865535 -8.728126 48.889256
v -16.043818 -7.422661 52.677670
v -12.605547 -5.831947 55.786740
v -8.682852 -4.017115 58.096988
v -4.426480 -2.047908 59.519632
v -19.519909 -14.838649 39.877258
v -18.387352 -13.977702 44.567086
v -16.548180 -12.579599 48.889256
v -14.073070 -10.698070 52.677670
v -11.057140 -8.405419 55.786740
v -7.616291 -5.789754 58.096988
v -3.882751 -2.951591 59.519632
v -15.873673 -18.687933 39.877258
v -14.952673 -17.603648 44.567086
v -13.457051 -15.842865 48.889256
v -11.444281 -13.473249 52.677670
v -8.991714 -10.585864 55.786740
v -6.193600 -7.291670 58.096988
v -3.157470 -3.717261 59.519632
v -11.485203 -21.663390 39.877258
v -10.818824 -20.406467 44.567086
v -9.736685 -18.365335 48.889256
v -8.280370 -15.618434 52.677670
v -6.505845 -12.271325 55.786740
v -4.481304 -8.452636 58.096988
v -2.284549 -4.309116 59.519632
v -6.559696 -23.625891 39.877258
v -6.179099 -22.255103 44.567086
v -5.561042 -20.029063 48.889256
v -4.729278 -17.033318 52.677670
v -3.715770 -13.382992 55.786740
v -2.559467 -9.218365 58.096988
v -1.304805 -4.699482 59.519632
v -1.327466 -24.483672 39.877258
v -1.250446 -23.063115 44.567086
v -1.125371 -20.756255 48.889256
v -0.957050 -17.651744 52.677670
v -0.751949 -13.868886 55.786740
v -0.517952 -9.553055 58.096988
v -0.264049 -4.870105 59.519632
v 3.966835 -24.196623 39.877258
v 3.736677 -22.792721 44.567086
v 3.362920 -20.512907 48.889256
v 2.859929 -17.444793 52.677670
v 2.247032 -13.706286 55.786740
v 1.547782 -9.441054 58.096988
v 0.789053 -4.813008 59.519632
v 9.075651 -22.778167 39.877258
v 8.549077 -21.456564 44.567086
v 7.693966 -19.310398 48.889256
v 6.543180 -16.422143 52.677670
v 5.140944 -12.902795 55.786740
v 3.541143 -8.887600 58.096988
v 1.805259 -4.530859 59.519632
v 13.760100 -20.294630 39.877258
v 12.961731 -19.117123 44.567086
v 11.665250 -17.204956 48.889256
v 9.920479 -14.631613 52.677670
v 7.794471 -11.495984 55.786740
v 5.368925 -7.918572 58.096988
v 2.737054 -4.036853 59.519632
v 17.801142 -16.862138 39.877258
v 16.768309 -15.883786 44.567086
v 15.091080 -14.295030 48.889256
v 12.833908 -12.156924 52.677670
v 10.083537 -9.551634 55.786740
v 6.945661 -6.579280 58.096988
v 3.540867 -3.354088 59.519632
v 21.009823 -12.641191 39.877258
v 19.790820 -11.907741 44.567086
v 17.811268 -10.716684 48.889256
v 15.147238 -9.113791 52.677670
v 11.901109 -7.160659 55.786740
v 8.197626 -4.932348 58.096988
v 4.179114 -2.514489 59.519632
v 23.236107 -7.829156 39.877258
v 21.887934 -7.374904 44.567086
v 19.698620 -6.637238 48.889256
v 16.752300 -5.644507 52.677670
v 13.162197 -4.434861 55.786740
v 9.066279 -3.054785 58.096988
v 4.621949 -1.557316 59.519632
v 25.000000 0.000000 5.000000
v 24.415514 5.374261 5.000000
v 22.689385 10.497228 5.000000
v 19.902327 15.129355 5.000000
v 16.184657 19.054051 5.000000
v 11.710211 22.087801 5.000000
v 6.688208 24.088750 5.000000
v 1.353473 24.963335 5.000000
v -4.044550 24.670663 5.000000
v -9.253454 23.224418 5.000000
v -14.029677 20.692225 5.000000
v -18.149887 17.192486 5.000000
v -21.421429 12.888846 5.000000
v -23.691329 7.982538 5.000000
v -24.853449 2.702975 5.000000
v -24.853449 -2.702975 5.000000
v -23.691329 -7.982538 5.000000
v -21.421429 -12.888846 5.000000
v -18.149887 -17.192486 5.000000
v -14.029677 -20.692225 5.000000
v -9.253454 -23.224418 5.000000
v -4.044550 -24.670663 5.000000
v 1.353473 -24.963335 5.000000
v 6.688208 -24.088750 5.000000
v 11.710211 -22.087801 5.000000
v 16.184657 -19.054051 5.000000
v 19.902327 -15.129355 5.000000
v 22.689385 -10.497228 5.000000
v 24.415514 -5.374261 5.000000
vt 0.196350 -14.216395 0.000000
vt 0.163625 -14.216395 0.000000
vt 0.196350 -14.964626 0.000000
vt 0.163625 -14.964626 0.000000
vt 0.196350 14.964626 0.000000
vt 0.163625 14.964626 0.000000
vt 0.196350 14.216395 0.000000
vt 0.163625 14.216395 0.000000
vt 0.196350 13.468163 0.000000
vt 0.163625 13.468163 0.000000
vt 0.196350 12.719932 0.000000
vt 0.163625 12.719932 0.000000
vt 0.196350 11.971701 0.000000
vt 0.163625 11.971701 0.000000
vt 0.196350 11.223469 0.000000
vt 0.163625 11.223469 0.000000
vt 0.196350 10.475238 0.000000
vt 0.163625 10.475238 0.000000
vt 0.196350 9.727007 0.000000
vt 0.163625 9.727007 0.000000
vt 0.196350 8.978775 0.000000
vt 0.163625 8.978775 0.000000
vt 0.196350 8.230544 0.000000
vt 0.163625 8.230544 0.000000
vt 0.196350 7.482313 0.000000
vt 0.163625 7.482313 0.000000
vt 0.196350 6.734082 0.000000
vt 0.163625 6.734082 0.000000
vt 0.196350 5.985850 0.000000
vt 0.163625 5.985850 0.000000
vt 0.196350 5.237619 0.000000
vt 0.163625 5.237619 0.000000
vt 0.196350 4.489388 0.000000
vt 0.163625 4.489388 0.000000
vt 0.196350 3.741156 0.000000
vt 0.163625 3.741156 0.000000
vt 0.196350 2.992925 0.000000
vt 0.163625 2.992925 0.000000
vt 0.196350 2.244694 0.000000
vt 0.163625 2.244694 0.000000
vt 0.196350 1.496463 0.000000
vt 0.163625 1.496463 0.000000
vt 0.196350 0.748231 0.000000
vt 0.163625 0.748231 0.000000
vt 0.196350 0.000000 0.000000
vt 0.163625 0.000000 0.000000
vt 0.196350 -0.748231 0.000000
vt 0.163625 -0.748231 0.000000
vt 0.196350 -1.496463 0.000000
vt 0.163625 -1.496463 0.000000
vt 0.196350 -2.244694 0.000000
vt 0.163625 -2.244694 0.000000
vt 0.196350 -2.992925 0.000000
vt 0.163625 -2.992925 0.000000
vt 0.196350 -3.741156 0.000000
vt 0.163625 -3.741156 0.000000
vt 0.196350 -4.489388 0.000000
vt 0.163625 -4.489388 0.000000
vt 0.196350 -5.237619 0.000000
vt 0.163625 -5.237619 0.000000
vt 0.196350 -5.985850 0.000000
vt 0.163625 -5.985850 0.000000
vt 0.196350 -6.734082 0.000000
vt 0.163625 -6.734082 0.000000
vt 0.196350 -7.482313 0.000000
vt 0.163625 -7.482313 0.000000
vt 0.196350 -8.230544 0.000000
vt 0.163625 -8.230544 0.000000
vt 0.196350 -8.978775 0.000000
vt 0.163625 -8.978775 0.000000
vt 0.196350 -9.727007 0.000000
vt 0.163625 -9.727007 0.000000
vt 0.196350 -10.475238 0.000000
vt 0.163625 -10.475238 0.000000
vt 0.196350 -11.223469 0.000000
vt 0.163625 -11.223469 0.000000
vt 0.196350 -11.971701 0.000000
vt 0.163625 -11.971701 0.000000
vt 0.196350 -12.719932 0.000000
vt 0.163625 -12.719932 0.000000
vt 0.196350 -13.468163 0.000000
vt 0.163625 -13.468163 0.000000
vt -0.000000 14.216395 0.000000
vt 0.032725 14.216395 0.000000
vt -0.000000 14.964626 0.000000
vt 0.032725 14.964626 0.000000
vt -0.000000 -14.964626 0.000000
vt 0.032725 -14.964626 0.000000
vt -0.000000 -14.216395 0.000000
vt 0.032725 -14.216395 0.000000
vt -0.000000 -13.468163 0.000000
vt 0.032725 -13.468163 0.000000
vt -0.000000 -12.719932 0.000000
vt 0.032725 -12.719932 0.000000
vt -0.000000 -11.971701 0.000000
vt 0.032725 -11.971701 0.000000
vt -0.000000 -11.223469 0.000000
vt 0.032725 -11.223469 0.000000
vt -0.000000 -10.475238 0.000000
vt 0.032725 -10.475238 0.000000
vt -0.000000 -9.727007 0.000000
vt 0.032725 -9.727007 0.000000
vt -0.000000 -8.978775 0.000000
vt 0.032725 -8.978775 0.000000
vt -0.000000 -8.230544 0.000000
vt 0.032725 -8.230544 0.000000
vt -0.000000 -7.482313 0.000000
vt 0.032725 -7.482313 0.000000
vt -0.000000 -6.734082 0.000000
vt 0.032725 -6.734082 0.000000
vt -0.000000 -5.985850 0.000000
vt 0.032725 -5.985850 0.000000
vt -0.000000 -5.237619 0.000000
vt 0.032725 -5.237619 0.000000
vt -0.000000 -4.489388 0.000000
vt 0.032725 -4.489388 0.000000
vt -0.000000 -3.741156 0.000000
vt 0.032725 -3.741156 0.000000
vt -0.000000 -2.992925 0.000000
vt 0.032725 -2.992925 0.000000
vt -0.000000 -2.244694 0.000000
vt 0.032725 -2.244694 0.000000
vt -0.000000 -1.496463 0.000000
vt 0.032725 -1.496463 0.000000
vt -0.000000 -0.748231 0.000000
vt 0.032725 -0.748231 0.000000
vt -0.000000 0.000000 0.000000
vt 0.032725 0.000000 0.000000
vt -0.000000 0.748231 0.000000
vt 0.032725 0.748231 0.000000
vt -0.000000 1.496463 0.000000
vt 0.032725 1.496463 0.000000
vt -0.000000 2.244694 0.000000
vt 0.032725 2.244694 0.000000
vt -0.000000 2.992925 0.000000
vt 0.032725 2.992925 0.000000
vt -0.000000 3.741156 0.000000
vt 0.032725 3.741156 0.000000
vt -0.000000 4.489388 0.000000
vt 0.032725 4.489388 0.000000
vt -0.000000 5.237619 0.000000
vt 0.032725 5.237619 0.000000
vt -0.000000 5.985850 0.000000
vt 0.032725 5.985850 0.000000
vt -0.000000 6.734082 0.000000
vt 0.032725 6.734082 0.000000
vt -0.000000 7.482313 0.000000
vt 0.032725 7.482313 0.000000
vt -0.000000 8.230544 0.000000
vt 0.032725 8.230544 0.000000
vt -0.000000 8.978775 0.000000
vt 0.032725 8.978775 0.000000
vt -0.000000 9.727007 0.000000
vt 0.032725 9.727007 0.000000
vt -0.000000 10.475238 0.000000
vt 0.032725 10.475238 0.000000
vt -0.000000 11.223469 0.000000
vt 0.032725 11.223469 0.000000
vt -0.000000 11.971701 0.000000
vt 0.032725 11.971701 0.000000
vt -0.000000 12.719932 0.000000
vt 0.032725 12.719932 0.000000
vt -0.000000 13.468163 0.000000
vt 0.032725 13.468163 0.000000
vt 0.130900 14.964626 0.000000
vt 0.130900 14.216395 0.000000
vt 0.130900 13.468163 0.000000
vt 0.130900 12.719932 0.000000
vt 0.130900 11.971701 0.000000
vt 0.130900 11.223469 0.000000
vt 0.130900 10.475238 0.000000
vt 0.130900 9.727007 0.000000
vt 0.130900 8.978775 0.000000
vt 0.130900 8.230544 0.000000
vt 0.130900 7.482313 0.000000
vt 0.130900 6.734082 0.000000
vt 0.130900 5.985850 0.000000
vt 0.130900 5.237619 0.000000
vt 0.130900 4.489388 0.000000
vt 0.130900 3.741156 0.000000
vt 0.130900 2.992925 0.000000
vt 0.130900 2.244694 0.000000
vt 0.130900 1.496463 0.000000
vt 0.130900 0.748231 0.000000
vt 0.130900 0.000000 0.000000
vt 0.130900 -0.748231 0.000000
vt 0.130900 -1.496463 0.000000
vt 0.130900 -2.244694 0.000000
vt 0.130900 -2.992925 0.000000
vt 0.130900 -3.741156 0.000000
vt 0.130900 -4.489388 0.000000
vt 0.130900 -5.237619 0.000000
vt 0.130900 -5.985850 0.000000
vt 0.130900 -6.734082 0.000000
vt 0.130900 -7.482313 0.000000
vt 0.130900 -8.230544 0.000000
vt 0.130900 -8.978775 0.000000
vt 0.130900 -9.727007 0.000000
vt 0.130900 -10.475238 0.000000
vt 0.130900 -11.223469 0.000000
vt 0.130900 -11.971701 0.000000
vt 0.130900 -12.719932 0.000000
vt 0.130900 -13.468163 0.000000
vt 0.130900 -14.216395 0.000000
vt 0.130900 -14.964626 0.000000
vt 0.098175 14.964626 0.000000
vt 0.098175 14.216395 0.000000
vt 0.098175 13.468163 0.000000
vt 0.098175 12.719932 0.000000
vt 0.098175 11.971701 0.000000
vt 0.098175 11.223469 0.000000
vt 0.098175 10.475238 0.000000
vt 0.098175 9.727007 0.000000
vt 0.098175 8.978775 0.000000
vt 0.098175 8.230544 0.000000
vt 0.098175 7.482313 0.000000
vt 0.098175 6.734082 0.000000
vt 0.098175 5.985850 0.000000
vt 0.098175 5.237619 0.000000
vt 0.098175 4.489388 0.000000
vt 0.098175 3.741156 0.000000
vt 0.098175 2.992925 0.000000
vt 0.098175 2.244694 0.000000
vt 0.098175 1.496463 0.000000
vt 0.098175 0.748231 0.000000
vt 0.098175 0.000000 0.000000
vt 0.098175 -0.748231 0.000000
vt 0.098175 -1.496463 0.000000
vt 0.098175 -2.244694 0.000000
vt 0.098175 -2.992925 0.000000
vt 0.098175 -3.741156 0.000000
vt 0.098175 -4.489388 0.000000
vt 0.098175 -5.237619 0.000000
vt 0.098175 -5.985850 0.000000
vt 0.098175 -6.734082 0.000000
vt 0.098175 -7.482313 0.000000
vt 0.098175 -8.230544 0.000000
vt 0.098175 -8.978775 0.000000
vt 0.098175 -9.727007 0.000000
vt 0.098175 -10.475238 0.000000
vt 0.098175 -11.223469 0.000000
vt 0.098175 -11.971701 0.000000
vt 0.098175 -12.719932 0.000000
vt 0.098175 -13.468163 0.000000
vt 0.098175 -14.216395 0.000000
vt 0.098175 -14.964626 0.000000
vt 0.065450 14.964626 0.000000
vt 0.065450 14.216395 0.000000
vt 0.065450 13.468163 0.000000
vt 0.065450 12.719932 0.000000
vt 0.065450 11.971701 0.000000
vt 0.065450 11.223469 0.000000
vt 0.065450 10.475238 0.000000
vt 0.065450 9.727007 0.000000
vt 0.065450 8.978775 0.000000
vt 0.065450 8.230544 0.000000
vt 0.065450 7.482313 0.000000
vt 0.065450 6.734082 0.000000
vt 0.065450 5.985850 0.000000
vt 0.065450 5.237619 0.000000
vt 0.065450 4.489388 0.000000
vt 0.065450 3.741156 0.000000
vt 0.065450 2.992925 0.000000
vt 0.065450 2.244694 0.000000
vt 0.065450 1.496463 0.000000
vt 0.065450 0.748231 0.000000
vt 0.065450 0.000000 0.000000
vt 0.065450 -0.748231 0.000000
vt 0.065450 -1.496463 0.000000
vt 0.065450 -2.244694 0.000000
vt 0.065450 -2.992925 0.000000
vt 0.065450 -3.741156 0.000000
vt 0.065450 -4.489388 0.000000
vt 0.065450 -5.237619 0.000000
vt 0.065450 -5.985850 0.000000
vt 0.065450 -6.734082 0.000000
vt 0.065450 -7.482313 0.000000
vt 0.065450 -8.230544 0.000000
vt 0.065450 -8.978775 0.000000
vt 0.065450 -9.727007 0.000000
vt 0.065450 -10.475238 0.000000
vt 0.065450 -11.223469 0.000000
vt 0.065450 -11.971701 0.000000
vt 0.065450 -12.719932 0.000000
vt 0.065450 -13.468163 0.000000
vt 0.065450 -14.216395 0.000000
vt 0.065450 -14.964626 0.000000
vt -1.775000 -0.753982 0.000000
vt -0.125000 -0.753982 0.000000
vt -1.775000 0.000000 0.000000
vt -0.125000 0.000000 0.000000
vt -1.775000 0.753982 0.000000
vt -0.125000 0.753982 0.000000
vt -1.775000 1.507964 0.000000
vt -0.125000 1.507964 0.000000
vt -1.775000 2.261947 0.000000
vt -0.125000 2.261947 0.000000
vt -1.775000 3.015929 0.000000
vt -0.125000 3.015929 0.000000
vt -1.775000 3.769911 0.000000
vt -0.125000 3.769911 0.000000
vt -1.775000 4.523893 0.000000
vt -0.125000 4.523893 0.000000
vt -1.775000 5.277876 0.000000
vt -0.125000 5.277876 0.000000
vt -1.775000 6.031858 0.000000
vt -0.125000 6.031858 0.000000
vt -1.775000 6.785840 0.000000
vt -0.125000 6.785840 0.000000
vt -1.775000 7.539822 0.000000
vt -0.125000 7.539822 0.000000
vt -1.775000 8.293805 0.000000
vt -0.125000 8.293805 0.000000
vt -1.775000 9.047787 0.000000
vt -0.125000 9.047787 0.000000
vt -1.775000 9.801769 0.000000
vt -0.125000 9.801769 0.000000
vt -1.775000 10.555751 0.000000
vt -0.125000 10.555751 0.000000
vt -1.775000 11.309734 0.000000
vt -0.125000 11.309734 0.000000
vt -1.775000 12.063716 0.000000
vt -0.125000 12.063716 0.000000
vt -1.775000 12.817698 0.000000
vt -0.125000 12.817698 0.000000
vt -1.775000 13.571680 0.000000
vt -0.125000 13.571680 0.000000
vt -1.775000 14.325662 0.000000
vt -0.125000 14.325662 0.000000
vt -1.775000 15.079645 0.000000
vt -0.125000 15.079645 0.000000
vt -1.775000 -15.079645 0.000000
vt -0.125000 -15.079645 0.000000
vt -1.775000 -14.325662 0.000000
vt -0.125000 -14.325662 0.000000
vt -1.775000 -13.571680 0.000000
vt -0.125000 -13.571680 0.000000
vt -1.775000 -12.817698 0.000000
vt -0.125000 -12.817698 0.000000
vt -1.775000 -12.063716 0.000000
vt -0.125000 -12.063716 0.000000
vt -1.775000 -11.309734 0.000000
vt -0.125000 -11.309734 0.000000
vt -1.775000 -10.555751 0.000000
vt -0.125000 -10.555751 0.000000
vt -1.775000 -9.801769 0.000000
vt -0.125000 -9.801769 0.000000
vt -1.775000 -9.047787 0.000000
vt -0.125000 -9.047787 0.000000
vt -1.775000 -8.293805 0.000000
vt -0.125000 -8.293805 0.000000
vt -1.775000 -7.539822 0.000000
vt -0.125000 -7.539822 0.000000
vt -1.775000 -6.785840 0.000000
vt -0.125000 -6.785840 0.000000
vt -1.775000 -6.031858 0.000000
vt -0.125000 -6.031858 0.000000
vt -1.775000 -5.277876 0.000000
vt -0.125000 -5.277876 0.000000
vt -1.775000 -4.523893 0.000000
vt -0.125000 -4.523893 0.000000
vt -1.775000 -3.769911 0.000000
vt -0.125000 -3.769911 0.000000
vt -1.775000 -3.015929 0.000000
vt -0.125000 -3.015929 0.000000
vt -1.775000 -2.261947 0.000000
vt -0.125000 -2.261947 0.000000
vt -1.775000 -1.507964 0.000000
vt -0.125000 -1.507964 0.000000
vt 4.617443 0.731331 0.000000
vt -4.617443 0.731331 0.000000
vt 4.675000 -0.000000 0.000000
vt -4.675000 0.000000 0.000000
vt 4.617443 -0.731331 0.000000
vt -4.617443 -0.731331 0.000000
vt 4.446189 -1.444654 0.000000
vt -4.446189 -1.444654 0.000000
vt 4.165456 -2.122406 0.000000
vt -4.165456 -2.122406 0.000000
vt 3.782154 -2.747896 0.000000
vt -3.782154 -2.747896 0.000000
vt 3.305724 -3.305724 0.000000
vt -3.305724 -3.305724 0.000000
vt 2.747896 -3.782154 0.000000
vt -2.747896 -3.782154 0.000000
vt 2.122406 -4.165456 0.000000
vt -2.122406 -4.165456 0.000000
vt 1.444654 -4.446189 0.000000
vt -1.444654 -4.446189 0.000000
vt 0.731331 -4.617443 0.000000
vt -0.731331 -4.617443 0.000000
vt -0.000000 -4.675000 0.000000
vt -4.446189 1.444654 0.000000
vt 4.446189 1.444654 0.000000
vt -4.165456 2.122406 0.000000
vt 4.165456 2.122406 0.000000
vt -3.782154 2.747896 0.000000
vt 3.782154 2.747896 0.000000
vt -3.305724 3.305724 0.000000
vt 3.305724 3.305724 0.000000
vt -2.747896 3.782154 0.000000
vt 2.747896 3.782154 0.000000
vt -2.122406 4.165456 0.000000
vt 2.122406 4.165456 0.000000
vt -1.444654 4.446189 0.000000
vt 1.444654 4.446189 0.000000
vt -0.731331 4.617443 0.000000
vt 0.731331 4.617443 0.000000
vt -0.000000 4.675000 0.000000
vt 0.000000 13.952598 0.000000
vt 0.032725 13.952598 0.000000
vt 0.000000 14.686946 0.000000
vt 0.032725 14.686946 0.000000
vt 0.000000 -14.686946 0.000000
vt 0.032725 -14.686946 0.000000
vt -0.000000 -13.952598 0.000000
vt 0.032725 -13.952598 0.000000
vt -0.000000 -13.218251 0.000000
vt 0.032725 -13.218251 0.000000
vt -0.000000 -12.483904 0.000000
vt 0.032725 -12.483904 0.000000
vt -0.000000 -11.749557 0.000000
vt 0.032725 -11.749557 0.000000
vt -0.000000 -11.015209 0.000000
vt 0.032725 -11.015209 0.000000
vt -0.000000 -10.280862 0.000000
vt 0.032725 -10.280862 0.000000
vt -0.000000 -9.546515 0.000000
vt 0.032725 -9.546515 0.000000
vt -0.000000 -8.812167 0.000000
vt 0.032725 -8.812167 0.000000
vt -0.000000 -8.077820 0.000000
vt 0.032725 -8.077820 0.000000
vt -0.000000 -7.343473 0.000000
vt 0.032725 -7.343473 0.000000
vt -0.000000 -6.609126 0.000000
vt 0.032725 -6.609126 0.000000
vt -0.000000 -5.874778 0.000000
vt 0.032725 -5.874778 0.000000
vt -0.000000 -5.140431 0.000000
vt 0.032725 -5.140431 0.000000
vt -0.000000 -4.406084 0.000000
vt 0.032725 -4.406084 0.000000
vt -0.000000 -3.671736 0.000000
vt 0.032725 -3.671736 0.000000
vt -0.000000 -2.937389 0.000000
vt 0.032725 -2.937389 0.000000
vt -0.000000 -2.203042 0.000000
vt 0.032725 -2.203042 0.000000
vt -0.000000 -1.468695 0.000000
vt 0.032725 -1.468695 0.000000
vt -0.000000 -0.734347 0.000000
vt 0.032725 -0.734347 0.000000
vt -0.000000 0.000000 0.000000
vt 0.032725 -0.000000 0.000000
vt -0.000000 0.734347 0.000000
vt 0.032725 0.734347 0.000000
vt -0.000000 1.468695 0.000000
vt 0.032725 1.468695 0.000000
vt -0.000000 2.203042 0.000000
vt 0.032725 2.203042 0.000000
vt -0.000000 2.937389 0.000000
vt 0.032725 2.937389 0.000000
vt -0.000000 3.671736 0.000000
vt 0.032725 3.671736 0.000000
vt -0.000000 4.406084 0.000000
vt 0.032725 4.406084 0.000000
vt -0.000000 5.140431 0.000000
vt 0.032725 5.140431 0.000000
vt -0.000000 5.874778 0.000000
vt 0.032725 5.874778 0.000000
vt -0.000000 6.609126 0.000000
vt 0.032725 6.609126 0.000000
vt -0.000000 7.343473 0.000000
vt 0.032725 7.343473 0.000000
vt 0.000000 8.077820 0.000000
vt 0.032725 8.077820 0.000000
vt 0.000000 8.812167 0.000000
vt 0.032725 8.812167 0.000000
vt 0.000000 9.546515 0.000000
vt 0.032725 9.546515 0.000000
vt 0.000000 10.280862 0.000000
vt 0.032725 10.280862 0.000000
vt 0.000000 11.015209 0.000000
vt 0.032725 11.015209 0.000000
vt 0.000000 11.749557 0.000000
vt 0.032725 11.749557 0.000000
vt 0.000000 12.483904 0.000000
vt 0.032725 12.483904 0.000000
vt 0.000000 13.218251 0.000000
vt 0.032725 13.218251 0.000000
vt 0.392699 -13.933769 0.000000
vt 0.359974 -13.952598 0.000000
vt 0.392699 -14.686946 0.000000
vt 0.359974 -14.686946 0.000000
vt 0.392699 14.686946 0.000000
vt 0.359974 14.686946 0.000000
vt 0.359974 13.952598 0.000000
vt 0.327249 14.686946 0.000000
vt 0.327249 13.952598 0.000000
vt 0.294524 14.686946 0.000000
vt 0.294524 13.952598 0.000000
vt 0.261799 14.686946 0.000000
vt 0.261799 13.952598 0.000000
vt 0.229074 14.686946 0.000000
vt 0.229074 13.952598 0.000000
vt 0.196350 14.686946 0.000000
vt 0.196350 13.952598 0.000000
vt 0.163625 14.686946 0.000000
vt 0.163625 13.952598 0.000000
vt 0.130900 14.686946 0.000000
vt 0.130900 13.952598 0.000000
vt 0.098175 14.686946 0.000000
vt 0.098175 13.952598 0.000000
vt 0.065450 14.686946 0.000000
vt 0.065450 13.952598 0.000000
vt 0.359974 -13.218251 0.000000
vt 0.392699 -13.180592 0.000000
vt 0.359974 -12.483904 0.000000
vt 0.392699 -12.427416 0.000000
vt 0.359974 -11.749557 0.000000
vt 0.392699 -11.674239 0.000000
vt 0.359974 -11.015209 0.000000
vt 0.392699 -10.921062 0.000000
vt 0.359974 -10.280862 0.000000
vt 0.392699 -10.167885 0.000000
vt 0.359974 -9.546515 0.000000
vt 0.392699 -9.414709 0.000000
vt 0.359974 -8.812167 0.000000
vt 0.392699 -8.661532 0.000000
vt 0.359974 -8.077820 0.000000
vt 0.392699 -7.908355 0.000000
vt 0.359974 -7.343473 0.000000
vt 0.392699 -7.155179 0.000000
vt 0.359974 -6.609126 0.000000
vt 0.392699 -6.402002 0.000000
vt 0.359974 -5.874778 0.000000
vt 0.392699 -5.648825 0.000000
vt 0.359974 -5.140431 0.000000
vt 0.392699 -4.895649 0.000000
vt 0.359974 -4.406084 0.000000
vt 0.392699 -4.142472 0.000000
vt 0.359974 -3.671736 0.000000
vt 0.392699 -3.389295 0.000000
vt 0.359974 -2.937389 0.000000
vt 0.392699 -2.636118 0.000000
vt 0.359974 -2.203042 0.000000
vt 0.392699 -1.882942 0.000000
vt 0.359974 -1.468695 0.000000
vt 0.392699 -1.129765 0.000000
vt 0.359974 -0.734347 0.000000
vt 0.392699 -0.376588 0.000000
vt 0.359974 -0.000000 0.000000
vt 0.392699 0.376588 0.000000
vt 0.359974 0.734347 0.000000
vt 0.392699 1.129765 0.000000
vt 0.359974 1.468695 0.000000
vt 0.392699 1.882942 0.000000
vt 0.359974 2.203042 0.000000
vt 0.392699 2.636118 0.000000
vt 0.359974 2.937389 0.000000
vt 0.392699 3.389295 0.000000
vt 0.359974 3.671736 0.000000
vt 0.392699 4.142472 0.000000
vt 0.359974 4.406084 0.000000
vt 0.392699 4.895649 0.000000
vt 0.359974 5.140431 0.000000
vt 0.392699 5.648825 0.000000
vt 0.359974 5.874778 0.000000
vt 0.392699 6.402002 0.000000
vt 0.359974 6.609126 0.000000
vt 0.392699 7.155179 0.000000
vt 0.359974 7.343473 0.000000
vt 0.392699 7.908355 0.000000
vt 0.359974 8.077820 0.000000
vt 0.392699 8.661532 0.000000
vt 0.359974 8.812167 0.000000
vt 0.392699 9.414709 0.000000
vt 0.359974 9.546515 0.000000
vt 0.392699 10.167885 0.000000
vt 0.359974 10.280862 0.000000
vt 0.392699 10.921062 0.000000
vt 0.359974 11.015209 0.000000
vt 0.392699 11.674239 0.000000
vt 0.359974 11.749557 0.000000
vt 0.392699 12.427416 0.000000
vt 0.359974 12.483904 0.000000
vt 0.392699 13.180592 0.000000
vt 0.359974 13.218251 0.000000
vt 0.392699 13.933769 0.000000
vt 0.065450 -14.686946 0.000000
vt 0.065450 -13.952598 0.000000
vt 0.065450 -13.218251 0.000000
vt 0.065450 -12.483904 0.000000
vt 0.065450 -11.749557 0.000000
vt 0.065450 -11.015209 0.000000
vt 0.065450 -10.280862 0.000000
vt 0.065450 -9.546515 0.000000
vt 0.065450 -8.812167 0.000000
vt 0.065450 -8.077820 0.000000
vt 0.065450 -7.343473 0.000000
vt 0.065450 -6.609126 0.000000
vt 0.065450 -5.874778 0.000000
vt 0.065450 -5.140431 0.000000
vt 0.065450 -4.406084 0.000000
vt 0.065450 -3.671736 0.000000
vt 0.065450 -2.937389 0.000000
vt 0.065450 -2.203042 0.000000
vt 0.065450 -1.468695 0.000000
vt 0.065450 -0.734347 0.000000
vt 0.065450 -0.000000 0.000000
vt 0.065450 0.734347 0.000000
vt 0.065450 1.468695 0.000000
vt 0.065450 2.203042 0.000000
vt 0.065450 2.937389 0.000000
vt 0.065450 3.671736 0.000000
vt 0.065450 4.406084 0.000000
vt 0.065450 5.140431 0.000000
vt 0.065450 5.874778 0.000000
vt 0.065450 6.609126 0.000000
vt 0.065450 7.343473 0.000000
vt 0.065450 8.077820 0.000000
vt 0.065450 8.812167 0.000000
vt 0.065450 9.546515 0.000000
vt 0.065450 10.280862 0.000000
vt 0.065450 11.015209 0.000000
vt 0.065450 11.749557 0.000000
vt 0.065450 12.483904 0.000000
vt 0.065450 13.218251 0.000000
vt 0.098175 -14.686946 0.000000
vt 0.098175 -13.952598 0.000000
vt 0.098175 -13.218251 0.000000
vt 0.098175 -12.483904 0.000000
vt 0.098175 -11.749557 0.000000
vt 0.098175 -11.015209 0.000000
vt 0.098175 -10.280862 0.000000
vt 0.098175 -9.546515 0.000000
vt 0.098175 -8.812167 0.000000
vt 0.098175 -8.077820 0.000000
vt 0.098175 -7.343473 0.000000
vt 0.098175 -6.609126 0.000000
vt 0.098175 -5.874778 0.000000
vt 0.098175 -5.140431 0.000000
vt 0.098175 -4.406084 0.000000
vt 0.098175 -3.671736 0.000000
vt 0.098175 -2.937389 0.000000
vt 0.098175 -2.203042 0.000000
vt 0.098175 -1.468695 0.000000
vt 0.098175 -0.734347 0.000000
vt 0.098175 -0.000000 0.000000
vt 0.098175 0.734347 0.000000
vt 0.098175 1.468695 0.000000
vt 0.098175 2.203042 0.000000
vt 0.098175 2.937389 0.000000
vt 0.098175 3.671736 0.000000
vt 0.098175 4.406084 0.000000
vt 0.098175 5.140431 0.000000
vt 0.098175 5.874778 0.000000
vt 0.098175 6.609126 0.000000
vt 0.098175 7.343473 0.000000
vt 0.098175 8.077820 0.000000
vt 0.098175 8.812167 0.000000
vt 0.098175 9.546515 0.000000
vt 0.098175 10.280862 0.000000
vt 0.098175 11.015209 0.000000
vt 0.098175 11.749557 0.000000
vt 0.098175 12.483904 0.000000
vt 0.098175 13.218251 0.000000
vt 0.130900 -14.686946 0.000000
vt 0.130900 -13.952598 0.000000
vt 0.130900 -13.218251 0.000000
vt 0.130900 -12.483904 0.000000
vt 0.130900 -11.749557 0.000000
vt 0.130900 -11.015209 0.000000
vt 0.130900 -10.280862 0.000000
vt 0.130900 -9.546515 0.000000
vt 0.130900 -8.812167 0.000000
vt 0.130900 -8.077820 0.000000
vt 0.130900 -7.343473 0.000000
vt 0.130900 -6.609126 0.000000
vt 0.130900 -5.874778 0.000000
vt 0.130900 -5.140431 0.000000
vt 0.130900 -4.406084 0.000000
vt 0.130900 -3.671736 0.000000
vt 0.130900 -2.937389 0.000000
vt 0.130900 -2.203042 0.000000
vt 0.130900 -1.468695 0.000000
vt 0.130900 -0.734347 0.000000
vt 0.130900 -0.000000 0.000000
vt 0.130900 0.734347 0.000000
vt 0.130900 1.468695 0.000000
vt 0.130900 2.203042 0.000000
vt 0.130900 2.937389 0.000000
vt 0.130900 3.671736 0.000000
vt 0.130900 4.406084 0.000000
vt 0.130900 5.140431 0.000000
vt 0.130900 5.874778 0.000000
vt 0.130900 6.609126 0.000000
vt 0.130900 7.343473 0.000000
vt 0.130900 8.077820 0.000000
vt 0.130900 8.812167 0.000000
vt 0.130900 9.546515 0.000000
vt 0.130900 10.280862 0.000000
vt 0.130900 11.015209 0.000000
vt 0.130900 11.749557 0.000000
vt 0.130900 12.483904 0.000000
vt 0.130900 13.218251 0.000000
vt 0.163625 -14.686946 0.000000
vt 0.163625 -13.952598 0.000000
vt 0.163625 -13.218251 0.000000
vt 0.163625 -12.483904 0.000000
vt 0.163625 -11.749557 0.000000
vt 0.163625 -11.015209 0.000000
vt 0.163625 -10.280862 0.000000
vt 0.163625 -9.546515 0.000000
vt 0.163625 -8.812167 0.000000
vt 0.163625 -8.077820 0.000000
vt 0.163625 -7.343473 0.000000
vt 0.163625 -6.609126 0.000000
vt 0.163625 -5.874778 0.000000
vt 0.163625 -5.140431 0.000000
vt 0.163625 -4.406084 0.000000
vt 0.163625 -3.671736 0.000000
vt 0.163625 -2.937389 0.000000
vt 0.163625 -2.203042 0.000000
vt 0.163625 -1.468695 0.000000
vt 0.163625 -0.734347 0.000000
vt 0.163625 -0.000000 0.000000
vt 0.163625 0.734347 0.000000
vt 0.163625 1.468695 0.000000
vt 0.163625 2.203042 0.000000
vt 0.163625 2.937389 0.000000
vt 0.163625 3.671736 0.000000
vt 0.163625 4.406084 0.000000
vt 0.163625 5.140431 0.000000
vt 0.163625 5.874778 0.000000
vt 0.163625 6.609126 0.000000
vt 0.163625 7.343473 0.000000
vt 0.163625 8.077820 0.000000
vt 0.163625 8.812167 0.000000
vt 0.163625 9.546515 0.000000
vt 0.163625 10.280862 0.000000
vt 0.163625 11.015209 0.000000
vt 0.163625 11.749557 0.000000
vt 0.163625 12.483904 0.000000
vt 0.163625 13.218251 0.000000
vt 0.196350 -14.686946 0.000000
vt 0.196350 -13.952598 0.000000
vt 0.196350 -13.218251 0.000000
vt 0.196350 -12.483904 0.000000
vt 0.196350 -11.749557 0.000000
vt 0.196350 -11.015209 0.000000
vt 0.196350 -10.280862 0.000000
vt 0.196350 -9.546515 0.000000
vt 0.196350 -8.812167 0.000000
vt 0.196350 -8.077820 0.000000
vt 0.196350 -7.343473 0.000000
vt 0.196350 -6.609126 0.000000
vt 0.196350 -5.874778 0.000000
vt 0.196350 -5.140431 0.000000
vt 0.196350 -4.406084 0.000000
vt 0.196350 -3.671736 0.000000
vt 0.196350 -2.937389 0.000000
vt 0.196350 -2.203042 0.000000
vt 0.196350 -1.468695 0.000000
vt 0.196350 -0.734347 0.000000
vt 0.196350 -0.000000 0.000000
vt 0.196350 0.734347 0.000000
vt 0.196350 1.468695 0.000000
vt 0.196350 2.203042 0.000000
vt 0.196350 2.937389 0.000000
vt 0.196350 3.671736 0.000000
vt 0.196350 4.406084 0.000000
vt 0.196350 5.140431 0.000000
vt 0.196350 5.874778 0.000000
vt 0.196350 6.609126 0.000000
vt 0.196350 7.343473 0.000000
vt 0.196350 8.077820 0.000000
vt 0.196350 8.812167 0.000000
vt 0.196350 9.546515 0.000000
vt 0.196350 10.280862 0.000000
vt 0.196350 11.015209 0.000000
vt 0.196350 11.749557 0.000000
vt 0.196350 12.483904 0.000000
vt 0.196350 13.218251 0.000000
vt 0.229074 -14.686946 0.000000
vt 0.229074 -13.952598 0.000000
vt 0.229074 -13.218251 0.000000
vt 0.229074 -12.483904 0.000000
vt 0.229074 -11.749557 0.000000
vt 0.229074 -11.015209 0.000000
vt 0.229074 -10.280862 0.000000
vt 0.229074 -9.546515 0.000000
vt 0.229074 -8.812167 0.000000
vt 0.229074 -8.077820 0.000000
vt 0.229074 -7.343473 0.000000
vt 0.229074 -6.609126 0.000000
vt 0.229074 -5.874778 0.000000
vt 0.229074 -5.140431 0.000000
vt 0.229074 -4.406084 0.000000
vt 0.229074 -3.671736 0.000000
vt 0.229074 -2.937389 0.000000
vt 0.229074 -2.203042 0.000000
vt 0.229074 -1.468695 0.000000
vt 0.229074 -0.734347 0.000000
vt 0.229074 -0.000000 0.000000
vt 0.229074 0.734347 0.000000
vt 0.229074 1.468695 0.000000
vt 0.229074 2.203042 0.000000
vt 0.229074 2.937389 0.000000
vt 0.229074 3.671736 0.000000
vt 0.229074 4.406084 0.000000
vt 0.229074 5.140431 0.000000
vt 0.229074 5.874778 0.000000
vt 0.229074 6.609126 0.000000
vt 0.229074 7.343473 0.000000
vt 0.229074 8.077820 0.000000
vt 0.229074 8.812167 0.000000
vt 0.229074 9.546515 0.000000
vt 0.229074 10.280862 0.000000
vt 0.229074 11.015209 0.000000
vt 0.229074 11.749557 0.000000
vt 0.229074 12.483904 0.000000
vt 0.229074 13.218251 0.000000
vt 0.261799 -14.686946 0.000000
vt 0.261799 -13.952598 0.000000
vt 0.261799 -13.218251 0.000000
vt 0.261799 -12.483904 0.000000
vt 0.261799 -11.749557 0.000000
vt 0.261799 -11.015209 0.000000
vt 0.261799 -10.280862 0.000000
vt 0.261799 -9.546515 0.000000
vt 0.261799 -8.812167 0.000000
vt 0.261799 -8.077820 0.000000
vt 0.261799 -7.343473 0.000000
vt 0.261799 -6.609126 0.000000
vt 0.261799 -5.874778 0.000000
vt 0.261799 -5.140431 0.000000
vt 0.261799 -4.406084 0.000000
vt 0.261799 -3.671736 0.000000
vt 0.261799 -2.937389 0.000000
vt 0.261799 -2.203042 0.000000
vt 0.261799 -1.468695 0.000000
vt 0.261799 -0.734347 0.000000
vt 0.261799 -0.000000 0.000000
vt 0.261799 0.734347 0.000000
vt 0.261799 1.468695 0.000000
vt 0.261799 2.203042 0.000000
vt 0.261799 2.937389 0.000000
vt 0.261799 3.671736 0.000000
vt 0.261799 4.406084 0.000000
vt 0.261799 5.140431 0.000000
vt 0.261799 5.874778 0.000000
vt 0.261799 6.609126 0.000000
vt 0.261799 7.343473 0.000000
vt 0.261799 8.077820 0.000000
vt 0.261799 8.812167 0.000000
vt 0.261799 9.546515 0.000000
vt 0.261799 10.280862 0.000000
vt 0.261799 11.015209 0.000000
vt 0.261799 11.749557 0.000000
vt 0.261799 12.483904 0.000000
vt 0.261799 13.218251 0.000000
vt 0.294524 -14.686946 0.000000
vt 0.294524 -13.952598 0.000000
vt 0.294524 -13.218251 0.000000
vt 0.294524 -12.483904 0.000000
vt 0.294524 -11.749557 0.000000
vt 0.294524 -11.015209 0.000000
vt 0.294524 -10.280862 0.000000
vt 0.294524 -9.546515 0.000000
vt 0.294524 -8.812167 0.000000
vt 0.294524 -8.077820 0.000000
vt 0.294524 -7.343473 0.000000
vt 0.294524 -6.609126 0.000000
vt 0.294524 -5.874778 0.000000
vt 0.294524 -5.140431 0.000000
vt 0.294524 -4.406084 0.000000
vt 0.294524 -3.671736 0.000000
vt 0.294524 -2.937389 0.000000
vt 0.294524 -2.203042 0.000000
vt 0.294524 -1.468695 0.000000
vt 0.294524 -0.734347 0.000000
vt 0.294524 -0.000000 0.000000
vt 0.294524 0.734347 0.000000
vt 0.294524 1.468695 0.000000
vt 0.294524 2.203042 0.000000
vt 0.294524 2.937389 0.000000
vt 0.294524 3.671736 0.000000
vt 0.294524 4.406084 0.000000
vt 0.294524 5.140431 0.000000
vt 0.294524 5.874778 0.000000
vt 0.294524 6.609126 0.000000
vt 0.294524 7.343473 0.000000
vt 0.294524 8.077820 0.000000
vt 0.294524 8.812167 0.000000
vt 0.294524 9.546515 0.000000
vt 0.294524 10.280862 0.000000
vt 0.294524 11.015209 0.000000
vt 0.294524 11.749557 0.000000
vt 0.294524 12.483904 0.000000
vt 0.294524 13.218251 0.000000
vt 0.327249 -14.686946 0.000000
vt 0.327249 -13.952598 0.000000
vt 0.327249 -13.218251 0.000000
vt 0.327249 -12.483904 0.000000
vt 0.327249 -11.749557 0.000000
vt 0.327249 -11.015209 0.000000
vt 0.327249 -10.280862 0.000000
vt 0.327249 -9.546515 0.000000
vt 0.327249 -8.812167 0.000000
vt 0.327249 -8.077820 0.000000
vt 0.327249 -7.343473 0.000000
vt 0.327249 -6.609126 0.000000
vt 0.327249 -5.874778 0.000000
vt 0.327249 -5.140431 0.000000
vt 0.327249 -4.406084 0.000000
vt 0.327249 -3.671736 0.000000
vt 0.327249 -2.937389 0.000000
vt 0.327249 -2.203042 0.000000
vt 0.327249 -1.468695 0.000000
vt 0.327249 -0.734347 0.000000
vt 0.327249 -0.000000 0.000000
vt 0.327249 0.734347 0.000000
vt 0.327249 1.468695 0.000000
vt 0.327249 2.203042 0.000000
vt 0.327249 2.937389 0.000000
vt 0.327249 3.671736 0.000000
vt 0.327249 4.406084 0.000000
vt 0.327249 5.140431 0.000000
vt 0.327249 5.874778 0.000000
vt 0.327249 6.609126 0.000000
vt 0.327249 7.343473 0.000000
vt 0.327249 8.077820 0.000000
vt 0.327249 8.812167 0.000000
vt 0.327249 9.546515 0.000000
vt 0.327249 10.280862 0.000000
vt 0.327249 11.015209 0.000000
vt 0.327249 11.749557 0.000000
vt 0.327249 12.483904 0.000000
vt 0.327249 13.218251 0.000000
vt 0.000000 13.561208 0.000000
vt 1.275000 13.561208 0.000000
vt 0.000000 14.294247 0.000000
vt 1.275000 14.294247 0.000000
vt 0.000000 -14.294247 0.000000
vt 1.275000 -14.294247 0.000000
vt 0.000000 -13.561208 0.000000
vt 1.275000 -13.561208 0.000000
vt 0.000000 -12.828170 0.000000
vt 1.275000 -12.828170 0.000000
vt 0.000000 -12.095132 0.000000
vt 1.275000 -12.095132 0.000000
vt 0.000000 -11.362093 0.000000
vt 1.275000 -11.362093 0.000000
vt 0.000000 -10.629055 0.000000
vt 1.275000 -10.629055 0.000000
vt 0.000000 -9.896017 0.000000
vt 1.275000 -9.896017 0.000000
vt 0.000000 -9.162979 0.000000
vt 1.275000 -9.162979 0.000000
vt 0.000000 -8.429940 0.000000
vt 1.275000 -8.429940 0.000000
vt 0.000000 -7.696902 0.000000
vt 1.275000 -7.696902 0.000000
vt 0.000000 -6.963864 0.000000
vt 1.275000 -6.963864 0.000000
vt 0.000000 -6.230825 0.000000
vt 1.275000 -6.230825 0.000000
vt 0.000000 -5.497787 0.000000
vt 1.275000 -5.497787 0.000000
vt 0.000000 -4.764749 0.000000
vt 1.275000 -4.764749 0.000000
vt 0.000000 -4.031711 0.000000
vt 1.275000 -4.031711 0.000000
vt 0.000000 -3.298672 0.000000
vt 1.275000 -3.298672 0.000000
vt 0.000000 -2.565634 0.000000
vt 1.275000 -2.565634 0.000000
vt 0.000000 -1.832596 0.000000
vt 1.275000 -1.832596 0.000000
vt 0.000000 -1.099557 0.000000
vt 1.275000 -1.099557 0.000000
vt 0.000000 -0.366519 0.000000
vt 1.275000 -0.366519 0.000000
vt 0.000000 0.366519 0.000000
vt 1.275000 0.366519 0.000000
vt 0.000000 1.099557 0.000000
vt 1.275000 1.099557 0.000000
vt 0.000000 1.832596 0.000000
vt 1.275000 1.832596 0.000000
vt 0.000000 2.565634 0.000000
vt 1.275000 2.565634 0.000000
vt 0.000000 3.298672 0.000000
vt 1.275000 3.298672 0.000000
vt 0.000000 4.031711 0.000000
vt 1.275000 4.031711 0.000000
vt 0.000000 4.764749 0.000000
vt 1.275000 4.764749 0.000000
vt 0.000000 5.497787 0.000000
vt 1.275000 5.497787 0.000000
vt 0.000000 6.230825 0.000000
vt 1.275000 6.230825 0.000000
vt 0.000000 6.963864 0.000000
vt 1.275000 6.963864 0.000000
vt 0.000000 7.696902 0.000000
vt 1.275000 7.696902 0.000000
vt 0.000000 8.429940 0.000000
vt 1.275000 8.429940 0.000000
vt 0.000000 9.162979 0.000000
vt 1.275000 9.162979 0.000000
vt 0.000000 9.896017 0.000000
vt 1.275000 9.896017 0.000000
vt 0.000000 10.629055 0.000000
vt 1.275000 10.629055 0.000000
vt 0.000000 11.362093 0.000000
vt 1.275000 11.362093 0.000000
vt 0.000000 12.095132 0.000000
vt 1.275000 12.095132 0.000000
vt 0.000000 12.828170 0.000000
vt 1.275000 12.828170 0.000000
vt -0.000000 0.383007 0.000000
vt -0.490874 0.191504 0.000000
vt -0.000000 0.000000 0.000000
vt -0.490874 -0.191504 0.000000
vt -0.000000 -0.383007 0.000000
vt -0.490874 -0.574511 0.000000
vt -0.000000 -0.766014 0.000000
vt -0.490874 -0.957518 0.000000
vt -0.000000 -1.149021 0.000000
vt -0.490874 -1.340525 0.000000
vt -0.000000 -1.532029 0.000000
vt -0.490874 -1.723532 0.000000
vt -0.000000 -1.915036 0.000000
vt -0.490874 -2.106539 0.000000
vt -0.000000 -2.298043 0.000000
vt -0.490874 -2.489546 0.000000
vt -0.000000 -2.681050 0.000000
vt -0.490874 -2.872554 0.000000
vt -0.000000 -3.064057 0.000000
vt -0.490874 -3.255561 0.000000
vt -0.000000 -3.447064 0.000000
vt -0.490874 -3.638568 0.000000
vt -0.000000 -3.830071 0.000000
vt -0.490874 -4.021575 0.000000
vt -0.000000 -4.213079 0.000000
vt -0.490874 -4.404582 0.000000
vt -0.000000 -4.596086 0.000000
vt -0.490874 -4.787589 0.000000
vt -0.000000 -4.979093 0.000000
vt -0.490874 -5.170597 0.000000
vt -0.000000 -5.362100 0.000000
vt -0.490874 -5.553604 0.000000
vt 0.000000 -5.745107 0.000000
vt -0.000000 5.362100 0.000000
vt -0.490874 5.553604 0.000000
vt -0.490874 5.170597 0.000000
vt -0.000000 4.979093 0.000000
vt -0.490874 4.787589 0.000000
vt -0.000000 4.596086 0.000000
vt -0.490874 4.404582 0.000000
vt -0.000000 4.213079 0.000000
vt -0.490874 4.021575 0.000000
vt -0.000000 3.830071 0.000000
vt -0.490874 3.638568 0.000000
vt -0.000000 3.447064 0.000000
vt -0.490874 3.255561 0.000000
vt -0.000000 3.064057 0.000000
vt -0.490874 2.872554 0.000000
vt -0.000000 2.681050 0.000000
vt -0.490874 2.489546 0.000000
vt -0.000000 2.298043 0.000000
vt -0.490874 2.106539 0.000000
vt -0.000000 1.915036 0.000000
vt -0.490874 1.723532 0.000000
vt -0.000000 1.532029 0.000000
vt -0.490874 1.340525 0.000000
vt -0.000000 1.149021 0.000000
vt -0.490874 0.957518 0.000000
vt -0.000000 0.766014 0.000000
vt -0.490874 0.574511 0.000000
vt -3.436117 5.553604 0.000000
vt -3.926991 5.553604 0.000000
vt -3.436117 5.170597 0.000000
vt -3.926991 5.170597 0.000000
vt -3.436117 4.787589 0.000000
vt -3.926991 4.787589 0.000000
vt -3.436117 4.404582 0.000000
vt -3.926991 4.404582 0.000000
vt -3.436117 4.021575 0.000000
vt -3.926991 4.021575 0.000000
vt -3.436117 3.638568 0.000000
vt -3.926991 3.638568 0.000000
vt -3.436117 3.255561 0.000000
vt -3.926991 3.255561 0.000000
vt -3.436117 2.872554 0.000000
vt -3.926991 2.872554 0.000000
vt -3.436117 2.489546 0.000000
vt -3.926991 2.489546 0.000000
vt -3.436117 2.106539 0.000000
vt -3.926991 2.106539 0.000000
vt -3.436117 1.723532 0.000000
vt -3.436117 1.340525 0.000000
vt -3.926991 1.340525 0.000000
vt -3.436117 0.957518 0.000000
vt -3.926991 0.957518 0.000000
vt -3.436117 0.574511 0.000000
vt -3.926991 0.574511 0.000000
vt -3.436117 0.191504 0.000000
vt -3.926991 0.191504 0.000000
vt -3.436117 -0.191504 0.000000
vt -3.926991 -0.191504 0.000000
vt -3.436117 -0.574511 0.000000
vt -3.926991 -0.574511 0.000000
vt -3.436117 -0.957518 0.000000
vt -3.926991 -0.957518 0.000000
vt -3.436117 -1.340525 0.000000
vt -3.926991 -1.340525 0.000000
vt -3.436117 -1.723532 0.000000
vt -3.926991 -1.723532 0.000000
vt -3.436117 -2.106539 0.000000
vt -3.436117 -2.489546 0.000000
vt -3.926991 -2.489546 0.000000
vt -3.436117 -2.872554 0.000000
vt -3.926991 -2.872554 0.000000
vt -3.436117 -3.255561 0.000000
vt -3.926991 -3.255561 0.000000
vt -3.436117 -3.638568 0.000000
vt -3.926991 -3.638568 0.000000
vt -3.436117 -4.021575 0.000000
vt -3.926991 -4.021575 0.000000
vt -3.436117 -4.404582 0.000000
vt -3.926991 -4.404582 0.000000
vt -3.436117 -4.787589 0.000000
vt -3.926991 -4.787589 0.000000
vt -3.436117 -5.170597 0.000000
vt -3.926991 -5.170597 0.000000
vt -3.436117 -5.553604 0.000000
vt -0.981748 5.553604 0.000000
vt -0.981748 5.170597 0.000000
vt -0.981748 4.787589 0.000000
vt -0.981748 4.404582 0.000000
vt -0.981748 4.021575 0.000000
vt -0.981748 3.638568 0.000000
vt -0.981748 3.255561 0.000000
vt -0.981748 2.872554 0.000000
vt -0.981748 2.489546 0.000000
vt -0.981748 2.106539 0.000000
vt -0.981748 1.723532 0.000000
vt -0.981748 1.340525 0.000000
vt -0.981748 0.957518 0.000000
vt -0.981748 0.574511 0.000000
vt -0.981748 0.191504 0.000000
vt -0.981748 -0.191504 0.000000
vt -0.981748 -0.574511 0.000000
vt -0.981748 -0.957518 0.000000
vt -0.981748 -1.340525 0.000000
vt -0.981748 -1.723532 0.000000
vt -0.981748 -2.106539 0.000000
vt -0.981748 -2.489546 0.000000
vt -0.981748 -2.872554 0.000000
vt -0.981748 -3.255561 0.000000
vt -0.981748 -3.638568 0.000000
vt -0.981748 -4.021575 0.000000
vt -0.981748 -4.404582 0.000000
vt -0.981748 -4.787589 0.000000
vt -0.981748 -5.170597 0.000000
vt -0.981748 -5.553604 0.000000
vt -1.472622 5.553604 0.000000
vt -1.472622 5.170597 0.000000
vt -1.472622 4.787589 0.000000
vt -1.472622 4.404582 0.000000
vt -1.472622 4.021575 0.000000
vt -1.472622 3.638568 0.000000
vt -1.472622 3.255561 0.000000
vt -1.472622 2.872554 0.000000
vt -1.472622 2.489546 0.000000
vt -1.472622 2.106539 0.000000
vt -1.472622 1.723532 0.000000
vt -1.472622 1.340525 0.000000
vt -1.472622 0.957518 0.000000
vt -1.472622 0.574511 0.000000
vt -1.472622 0.191504 0.000000
vt -1.472622 -0.191504 0.000000
vt -1.472622 -0.574511 0.000000
vt -1.472622 -0.957518 0.000000
vt -1.472622 -1.340525 0.000000
vt -1.472622 -1.723532 0.000000
vt -1.472622 -2.106539 0.000000
vt -1.472622 -2.489546 0.000000
vt -1.472622 -2.872554 0.000000
vt -1.472622 -3.255561 0.000000
vt -1.472622 -3.638568 0.000000
vt -1.472622 -4.021575 0.000000
vt -1.472622 -4.404582 0.000000
vt -1.472622 -4.787589 0.000000
vt -1.472622 -5.170597 0.000000
vt -1.472622 -5.553604 0.000000
vt -1.963495 5.553604 0.000000
vt -1.963495 5.170597 0.000000
vt -1.963495 4.787589 0.000000
vt -1.963495 4.404582 0.000000
vt -1.963495 4.021575 0.000000
vt -1.963495 3.638568 0.000000
vt -1.963495 3.255561 0.000000
vt -1.963495 2.872554 0.000000
vt -1.963495 2.489546 0.000000
vt -1.963495 2.106539 0.000000
vt -1.963495 1.723532 0.000000
vt -1.963495 1.340525 0.000000
vt -1.963495 0.957518 0.000000
vt -1.963495 0.574511 0.000000
vt -1.963495 0.191504 0.000000
vt -1.963495 -0.191504 0.000000
vt -1.963495 -0.574511 0.000000
vt -1.963495 -0.957518 0.000000
vt -1.963495 -1.340525 0.000000
vt -1.963495 -1.723532 0.000000
vt -1.963495 -2.106539 0.000000
vt -1.963495 -2.489546 0.000000
vt -1.963495 -2.872554 0.000000
vt -1.963495 -3.255561 0.000000
vt -1.963495 -3.638568 0.000000
vt -1.963495 -4.021575 0.000000
vt -1.963495 -4.404582 0.000000
vt -1.963495 -4.787589 0.000000
vt -1.963495 -5.170597 0.000000
vt -1.963495 -5.553604 0.000000
vt -2.454369 5.553604 0.000000
vt -2.454369 5.170597 0.000000
vt -2.454369 4.787589 0.000000
vt -2.454369 4.404582 0.000000
vt -2.454369 4.021575 0.000000
vt -2.454369 3.638568 0.000000
vt -2.454369 3.255561 0.000000
vt -2.454369 2.872554 0.000000
vt -2.454369 2.489546 0.000000
vt -2.454369 2.106539 0.000000
vt -2.454369 1.723532 0.000000
vt -2.454369 1.340525 0.000000
vt -2.454369 0.957518 0.000000
vt -2.454369 0.574511 0.000000
vt -2.454369 0.191504 0.000000
vt -2.454369 -0.191504 0.000000
vt -2.454369 -0.574511 0.000000
vt -2.454369 -0.957518 0.000000
vt -2.454369 -1.340525 0.000000
vt -2.454369 -1.723532 0.000000
vt -2.454369 -2.106539 0.000000
vt -2.454369 -2.489546 0.000000
vt -2.454369 -2.872554 0.000000
vt -2.454369 -3.255561 0.000000
vt -2.454369 -3.638568 0.000000
vt -2.454369 -4.021575 0.000000
vt -2.454369 -4.404582 0.000000
vt -2.454369 -4.787589 0.000000
vt -2.454369 -5.170597 0.000000
vt -2.454369 -5.553604 0.000000
vt -2.945243 5.553604 0.000000
vt -2.945243 5.170597 0.000000
vt -2.945243 4.787589 0.000000
vt -2.945243 4.404582 0.000000
vt -2.945243 4.021575 0.000000
vt -2.945243 3.638568 0.000000
vt -2.945243 3.255561 0.000000
vt -2.945243 2.872554 0.000000
vt -2.945243 2.489546 0.000000
vt -2.945243 2.106539 0.000000
vt -2.945243 1.723532 0.000000
vt -2.945243 1.340525 0.000000
vt -2.945243 0.957518 0.000000
vt -2.945243 0.574511 0.000000
vt -2.945243 0.191504 0.000000
vt -2.945243 -0.191504 0.000000
vt -2.945243 -0.574511 0.000000
vt -2.945243 -0.957518 0.000000
vt -2.945243 -1.340525 0.000000
vt -2.945243 -1.723532 0.000000
vt -2.945243 -2.106539 0.000000
vt -2.945243 -2.489546 0.000000
vt -2.945243 -2.872554 0.000000
vt -2.945243 -3.255561 0.000000
vt -2.945243 -3.638568 0.000000
vt -2.945243 -4.021575 0.000000
vt -2.945243 -4.404582 0.000000
vt -2.945243 -4.787589 0.000000
vt -2.945243 -5.170597 0.000000
vt -2.945243 -5.553604 0.000000
vt -3.926991 1.723532 0.000000
vt -3.926991 -2.106539 0.000000
vt -0.000000 -7.312328 0.000000
vt -3.000000 -7.312328 0.000000
vt -0.000000 -7.853982 0.000000
vt -3.000000 -7.853982 0.000000
vt -0.000000 7.853982 0.000000
vt -3.000000 7.853982 0.000000
vt -0.000000 7.312328 0.000000
vt -3.000000 7.312328 0.000000
vt -0.000000 6.770674 0.000000
vt -3.000000 6.770674 0.000000
vt -0.000000 6.229020 0.000000
vt -3.000000 6.229020 0.000000
vt -0.000000 5.687366 0.000000
vt -3.000000 5.687366 0.000000
vt -0.000000 5.145712 0.000000
vt -3.000000 5.145712 0.000000
vt -0.000000 4.604058 0.000000
vt -3.000000 4.604058 0.000000
vt -0.000000 4.062404 0.000000
vt -3.000000 4.062404 0.000000
vt -0.000000 3.520750 0.000000
vt -3.000000 3.520750 0.000000
vt -0.000000 2.979096 0.000000
vt -3.000000 2.979096 0.000000
vt -0.000000 2.437443 0.000000
vt -3.000000 2.437443 0.000000
vt -0.000000 1.895789 0.000000
vt -3.000000 1.895789 0.000000
vt -0.000000 1.354135 0.000000
vt -3.000000 1.354135 0.000000
vt -0.000000 0.812481 0.000000
vt -3.000000 0.812481 0.000000
vt -0.000000 0.270827 0.000000
vt -3.000000 0.270827 0.000000
vt -0.000000 -0.270827 0.000000
vt -3.000000 -0.270827 0.000000
vt -0.000000 -0.812481 0.000000
vt -3.000000 -0.812481 0.000000
vt -0.000000 -1.354135 0.000000
vt -3.000000 -1.354135 0.000000
vt -0.000000 -1.895789 0.000000
vt -3.000000 -1.895789 0.000000
vt -0.000000 -2.437443 0.000000
vt -3.000000 -2.437443 0.000000
vt -0.000000 -2.979096 0.000000
vt -3.000000 -2.979096 0.000000
vt -0.000000 -3.520750 0.000000
vt -3.000000 -3.520750 0.000000
vt -0.000000 -4.062404 0.000000
vt -3.000000 -4.062404 0.000000
vt -0.000000 -4.604058 0.000000
vt -3.000000 -4.604058 0.000000
vt -0.000000 -5.145712 0.000000
vt -3.000000 -5.145712 0.000000
vt -0.000000 -5.687366 0.000000
vt -3.000000 -5.687366 0.000000
vt -0.000000 -6.229020 0.000000
vt -3.000000 -6.229020 0.000000
vt -0.000000 -6.770674 0.000000
vt -3.000000 -6.770674 0.000000
vt 2.441551 -0.537426 0.000000
vt 4.491079 -0.729871 0.000000
vt 2.500000 0.000000 0.000000
vt 4.550000 0.000000 0.000000
vt 4.491079 0.729871 0.000000
vt 4.315841 -1.440839 0.000000
vt 2.268939 -1.049723 0.000000
vt 4.028825 -2.114490 0.000000
vt 1.990233 -1.512936 0.000000
vt 3.637465 -2.733377 0.000000
vt 3.151896 -3.281471 0.000000
vt 1.618466 -1.905405 0.000000
vt 2.584695 -3.744577 0.000000
vt 1.171021 -2.208780 0.000000
vt 1.950551 -4.110699 0.000000
vt 0.668821 -2.408875 0.000000
vt 1.265889 -4.370357 0.000000
vt 0.548442 -4.516825 0.000000
vt 0.135347 -2.496334 0.000000
vt -0.183210 -4.546310 0.000000
vt -0.404455 -2.467066 0.000000
vt -0.910117 -4.458047 0.000000
vt -0.925345 -2.322442 0.000000
vt -1.613452 -4.254324 0.000000
vt -2.275000 -3.940416 0.000000
vt -1.402968 -2.069222 0.000000
vt -2.877626 -3.524453 0.000000
vt -1.814989 -1.719249 0.000000
vt -3.405724 -3.017208 0.000000
vt -2.142143 -1.288885 0.000000
vt -3.845615 -2.431820 0.000000
vt -4.185906 -1.783448 0.000000
vt -2.369133 -0.798254 0.000000
vt -4.417785 -1.088886 0.000000
vt -2.485345 -0.270298 0.000000
vt -4.535246 -0.366123 0.000000
vt -2.485345 0.270298 0.000000
vt -4.535246 0.366123 0.000000
vt -4.417785 1.088886 0.000000
vt -2.369133 0.798254 0.000000
vt -4.185906 1.783448 0.000000
vt -2.142143 1.288885 0.000000
vt -3.845615 2.431820 0.000000
vt -3.405724 3.017208 0.000000
vt -1.814989 1.719249 0.000000
vt -2.877626 3.524453 0.000000
vt -1.402968 2.069222 0.000000
vt -2.275000 3.940416 0.000000
vt -0.925345 2.322442 0.000000
vt -1.613452 4.254324 0.000000
vt -0.910117 4.458047 0.000000
vt -0.404455 2.467066 0.000000
vt -0.183210 4.546310 0.000000
vt 0.135347 2.496334 0.000000
vt 0.548442 4.516825 0.000000
vt 0.668821 2.408875 0.000000
vt 1.265889 4.370357 0.000000
vt 1.950551 4.110699 0.000000
vt 1.171021 2.208780 0.000000
vt 2.584695 3.744577 0.000000
vt 1.618466 1.905405 0.000000
vt 3.151896 3.281471 0.000000
vt 1.990233 1.512936 0.000000
vt 3.637465 2.733377 0.000000
vt 4.028825 2.114490 0.000000
vt 2.268939 1.049723 0.000000
vt 4.315841 1.440839 0.000000
vt 2.441551 0.537426 0.000000
vn -0.000000 -0.000000 -0.100000
vn -0.025563 -0.004049 -0.096593
vn -0.000000 -0.000000 -0.100000
vn -0.025882 -0.000000 -0.096593
vn -0.000000 0.000000 -0.100000
vn -0.025563 0.004049 -0.096593
vn -0.000000 0.000000 -0.100000
vn -0.024615 0.007998 -0.096593
vn -0.000000 0.000000 -0.100000
vn -0.023061 0.011750 -0.096593
vn -0.000000 0.000000 -0.100000
vn -0.020939 0.015213 -0.096593
vn -0.000000 0.000000 -0.100000
vn -0.018301 0.018301 -0.096593
vn -0.000000 0.000000 -0.100000
vn -0.015213 0.020939 -0.096593
vn -0.000000 0.000000 -0.100000
vn -0.011750 0.023061 -0.096593
vn -0.000000 0.000000 -0.100000
vn -0.007998 0.024615 -0.096593
vn -0.000000 0.000000 -0.100000
vn -0.004049 0.025563 -0.096593
vn 0.000000 0.000000 -0.100000
vn 0.000000 0.025882 -0.096593
vn 0.000000 0.000000 -0.100000
vn 0.004049 0.025563 -0.096593
vn 0.000000 0.000000 -0.100000
vn 0.007998 0.024615 -0.096593
vn 0.000000 0.000000 -0.100000
vn 0.011750 0.023061 -0.096593
vn 0.000000 0.000000 -0.100000
vn 0.015213 0.020939 -0.096593
vn 0.000000 0.000000 -0.100000
vn 0.018301 0.018301 -0.096593
vn 0.000000 0.000000 -0.100000
vn 0.020939 0.015213 -0.096593
vn 0.000000 0.000000 -0.100000
vn 0.023061 0.011750 -0.096593
vn 0.000000 0.000000 -0.100000
vn 0.024615 0.007998 -0.096593
vn 0.000000 0.000000 -0.100000
vn 0.025563 0.004049 -0.096593
vn 0.000000 0.000000 -0.100000
vn 0.025882 0.000000 -0.096593
vn 0.000000 -0.000000 -0.100000
vn 0.025563 -0.004049 -0.096593
vn 0.000000 -0.000000 -0.100000
vn 0.024615 -0.007998 -0.096593
vn 0.000000 -0.000000 -0.100000
vn 0.023061 -0.011750 -0.096593
vn 0.000000 -0.000000 -0.100000
vn 0.020939 -0.015213 -0.096593
vn 0.000000 -0.000000 -0.100000
vn 0.018301 -0.018301 -0.096593
vn 0.000000 -0.000000 -0.100000
vn 0.015213 -0.020939 -0.096593
vn 0.000000 -0.000000 -0.100000
vn 0.011750 -0.023061 -0.096593
vn 0.000000 -0.000000 -0.100000
vn 0.007998 -0.024615 -0.096593
vn 0.000000 -0.000000 -0.100000
vn 0.004049 -0.025563 -0.096593
vn 0.000000 -0.000000 -0.100000
vn 0.000000 -0.025882 -0.096593
vn -0.000000 -0.000000 -0.100000
vn -0.004049 -0.025563 -0.096593
vn -0.000000 -0.000000 -0.100000
vn -0.007998 -0.024615 -0.096593
vn -0.000000 -0.000000 -0.100000
vn -0.011750 -0.023061 -0.096593
vn -0.000000 -0.000000 -0.100000
vn -0.015213 -0.020939 -0.096593
vn -0.000000 -0.000000 -0.100000
vn -0.018301 -0.018301 -0.096593
vn -0.000000 -0.000000 -0.100000
vn -0.020939 -0.015213 -0.096593
vn -0.000000 -0.000000 -0.100000
vn -0.023061 -0.011750 -0.096593
vn -0.000000 -0.000000 -0.100000
vn -0.024615 -0.007998 -0.096593
vn -0.098769 0.015643 -0.000000
vn -0.095403 0.015110 -0.025882
vn -0.100000 0.000000 -0.000000
vn -0.096593 0.000000 -0.025882
vn -0.098769 -0.015643 0.000000
vn -0.095403 -0.015110 -0.025882
vn -0.095106 -0.030902 0.000000
vn -0.091865 -0.029849 -0.025882
vn -0.089101 -0.045399 0.000000
vn -0.086065 -0.043852 -0.025882
vn -0.080902 -0.058779 0.000000
vn -0.078145 -0.056776 -0.025882
vn -0.070711 -0.070711 0.000000
vn -0.068301 -0.068301 -0.025882
vn -0.058779 -0.080902 0.000000
vn -0.056776 -0.078145 -0.025882
vn -0.045399 -0.089101 0.000000
vn -0.043852 -0.086065 -0.025882
vn -0.030902 -0.095106 0.000000
vn -0.029849 -0.091865 -0.025882
vn -0.015643 -0.098769 0.000000
vn -0.015110 -0.095403 -0.025882
vn 0.000000 -0.100000 0.000000
vn 0.000000 -0.096593 -0.025882
vn 0.015643 -0.098769 0.000000
vn 0.015110 -0.095403 -0.025882
vn 0.030902 -0.095106 0.000000
vn 0.029849 -0.091865 -0.025882
vn 0.045399 -0.089101 0.000000
vn 0.043852 -0.086065 -0.025882
vn 0.058779 -0.080902 0.000000
vn 0.056776 -0.078145 -0.025882
vn 0.070711 -0.070711 0.000000
vn 0.068301 -0.068301 -0.025882
vn 0.080902 -0.058779 0.000000
vn 0.078145 -0.056776 -0.025882
vn 0.089101 -0.045399 0.000000
vn 0.086065 -0.043852 -0.025882
vn 0.095106 -0.030902 0.000000
vn 0.091865 -0.029849 -0.025882
vn 0.098769 -0.015643 0.000000
vn 0.095403 -0.015110 -0.025882
vn 0.100000 0.000000 0.000000
vn 0.096593 0.000000 -0.025882
vn 0.098769 0.015643 0.000000
vn 0.095403 0.015110 -0.025882
vn 0.095106 0.030902 0.000000
vn 0.091865 0.029849 -0.025882
vn 0.089101 0.045399 0.000000
vn 0.086065 0.043852 -0.025882
vn 0.080902 0.058779 0.000000
vn 0.078145 0.056776 -0.025882
vn 0.070711 0.070711 0.000000
vn 0.068301 0.068301 -0.025882
vn 0.058779 0.080902 0.000000
vn 0.056776 0.078145 -0.025882
vn 0.045399 0.089101 0.000000
vn 0.043852 0.086065 -0.025882
vn 0.030902 0.095106 0.000000
vn 0.029849 0.091865 -0.025882
vn 0.015643 0.098769 0.000000
vn 0.015110 0.095403 -0.025882
vn 0.000000 0.100000 0.000000
vn 0.000000 0.096593 -0.025882
vn -0.015643 0.098769 -0.000000
vn -0.015110 0.095403 -0.025882
vn -0.030902 0.095106 -0.000000
vn -0.029849 0.091865 -0.025882
vn -0.045399 0.089101 -0.000000
vn -0.043852 0.086065 -0.025882
vn -0.058779 0.080902 -0.000000
vn -0.056776 0.078145 -0.025882
vn -0.070711 0.070711 -0.000000
vn -0.068301 0.068301 -0.025882
vn -0.080902 0.058779 -0.000000
vn -0.078145 0.056776 -0.025882
vn -0.089101 0.045399 -0.000000
vn -0.086065 0.043852 -0.025882
vn -0.095106 0.030902 -0.000000
vn -0.091865 0.029849 -0.025882
vn -0.050000 0.000000 -0.086603
vn -0.049384 0.007822 -0.086603
vn -0.047553 0.015451 -0.086603
vn -0.044550 0.022700 -0.086603
vn -0.040451 0.029389 -0.086603
vn -0.035355 0.035355 -0.086603
vn -0.029389 0.040451 -0.086603
vn -0.022700 0.044550 -0.086603
vn -0.015451 0.047553 -0.086603
vn -0.007822 0.049384 -0.086603
vn 0.000000 0.050000 -0.086603
vn 0.007822 0.049384 -0.086603
vn 0.015451 0.047553 -0.086603
vn 0.022700 0.044550 -0.086603
vn 0.029389 0.040451 -0.086603
vn 0.035355 0.035355 -0.086603
vn 0.040451 0.029389 -0.086603
vn 0.044550 0.022700 -0.086603
vn 0.047553 0.015451 -0.086603
vn 0.049384 0.007822 -0.086603
vn 0.050000 0.000000 -0.086603
vn 0.049384 -0.007822 -0.086603
vn 0.047553 -0.015451 -0.086603
vn 0.044550 -0.022700 -0.086603
vn 0.040451 -0.029389 -0.086603
vn 0.035355 -0.035355 -0.086603
vn 0.029389 -0.040451 -0.086603
vn 0.022700 -0.044550 -0.086603
vn 0.015451 -0.047553 -0.086603
vn 0.007822 -0.049384 -0.086603
vn 0.000000 -0.050000 -0.086603
vn -0.007822 -0.049384 -0.086603
vn -0.015451 -0.047553 -0.086603
vn -0.022700 -0.044550 -0.086603
vn -0.029389 -0.040451 -0.086603
vn -0.035355 -0.035355 -0.086603
vn -0.040451 -0.029389 -0.086603
vn -0.044550 -0.022700 -0.086603
vn -0.047553 -0.015451 -0.086603
vn -0.049384 -0.007822 -0.086603
vn -0.070711 0.000000 -0.070711
vn -0.069840 0.011062 -0.070711
vn -0.067250 0.021851 -0.070711
vn -0.063004 0.032102 -0.070711
vn -0.057206 0.041563 -0.070711
vn -0.050000 0.050000 -0.070711
vn -0.041563 0.057206 -0.070711
vn -0.032102 0.063004 -0.070711
vn -0.021851 0.067250 -0.070711
vn -0.011062 0.069840 -0.070711
vn 0.000000 0.070711 -0.070711
vn 0.011062 0.069840 -0.070711
vn 0.021851 0.067250 -0.070711
vn 0.032102 0.063004 -0.070711
vn 0.041563 0.057206 -0.070711
vn 0.050000 0.050000 -0.070711
vn 0.057206 0.041563 -0.070711
vn 0.063004 0.032102 -0.070711
vn 0.067250 0.021851 -0.070711
vn 0.069840 0.011062 -0.070711
vn 0.070711 0.000000 -0.070711
vn 0.069840 -0.011062 -0.070711
vn 0.067250 -0.021851 -0.070711
vn 0.063004 -0.032102 -0.070711
vn 0.057206 -0.041563 -0.070711
vn 0.050000 -0.050000 -0.070711
vn 0.041563 -0.057206 -0.070711
vn 0.032102 -0.063004 -0.070711
vn 0.021851 -0.067250 -0.070711
vn 0.011062 -0.069840 -0.070711
vn 0.000000 -0.070711 -0.070711
vn -0.011062 -0.069840 -0.070711
vn -0.021851 -0.067250 -0.070711
vn -0.032102 -0.063004 -0.070711
vn -0.041563 -0.057206 -0.070711
vn -0.050000 -0.050000 -0.070711
vn -0.057206 -0.041563 -0.070711
vn -0.063004 -0.032102 -0.070711
vn -0.067250 -0.021851 -0.070711
vn -0.069840 -0.011062 -0.070711
vn -0.086603 0.000000 -0.050000
vn -0.085536 0.013548 -0.050000
vn -0.082364 0.026762 -0.050000
vn -0.077163 0.039317 -0.050000
vn -0.070063 0.050904 -0.050000
vn -0.061237 0.061237 -0.050000
vn -0.050904 0.070063 -0.050000
vn -0.039317 0.077163 -0.050000
vn -0.026762 0.082364 -0.050000
vn -0.013548 0.085536 -0.050000
vn 0.000000 0.086603 -0.050000
vn 0.013548 0.085536 -0.050000
vn 0.026762 0.082364 -0.050000
vn 0.039317 0.077163 -0.050000
vn 0.050904 0.070063 -0.050000
vn 0.061237 0.061237 -0.050000
vn 0.070063 0.050904 -0.050000
vn 0.077163 0.039317 -0.050000
vn 0.082364 0.026762 -0.050000
vn 0.085536 0.013548 -0.050000
vn 0.086603 0.000000 -0.050000
vn 0.085536 -0.013548 -0.050000
vn 0.082364 -0.026762 -0.050000
vn 0.077163 -0.039317 -0.050000
vn 0.070063 -0.050904 -0.050000
vn 0.061237 -0.061237 -0.050000
vn 0.050904 -0.070063 -0.050000
vn 0.039317 -0.077163 -0.050000
vn 0.026762 -0.082364 -0.050000
vn 0.013548 -0.085536 -0.050000
vn 0.000000 -0.086603 -0.050000
vn -0.013548 -0.085536 -0.050000
vn -0.026762 -0.082364 -0.050000
vn -0.039317 -0.077163 -0.050000
vn -0.050904 -0.070063 -0.050000
vn -0.061237 -0.061237 -0.050000
vn -0.070063 -0.050904 -0.050000
vn -0.077163 -0.039317 -0.050000
vn -0.082364 -0.026762 -0.050000
vn -0.085536 -0.013548 -0.050000
vn 0.098769 -0.015643 0.000000
vn 0.100000 0.000000 0.000000
vn 0.098769 0.015643 0.000000
vn 0.095106 0.030902 0.000000
vn 0.089101 0.045399 0.000000
vn 0.080902 0.058779 0.000000
vn 0.070711 0.070711 0.000000
vn 0.058779 0.080902 0.000000
vn 0.045399 0.089101 0.000000
vn 0.030902 0.095106 0.000000
vn 0.015643 0.098769 0.000000
vn -0.000000 0.100000 -0.000000
vn -0.015643 0.098769 -0.000000
vn -0.030902 0.095106 -0.000000
vn -0.045399 0.089101 -0.000000
vn -0.058779 0.080902 -0.000000
vn -0.070711 0.070711 -0.000000
vn -0.080902 0.058779 -0.000000
vn -0.089101 0.045399 -0.000000
vn -0.095106 0.030902 -0.000000
vn -0.098769 0.015643 -0.000000
vn -0.100000 0.000000 -0.000000
vn -0.098769 -0.015643 0.000000
vn -0.095106 -0.030902 0.000000
vn -0.089101 -0.045399 0.000000
vn -0.080902 -0.058779 0.000000
vn -0.070711 -0.070711 0.000000
vn -0.058779 -0.080902 0.000000
vn -0.045399 -0.089101 0.000000
vn -0.030902 -0.095106 0.000000
vn -0.015643 -0.098769 0.000000
vn -0.000000 -0.100000 0.000000
vn 0.015643 -0.098769 0.000000
vn 0.030902 -0.095106 0.000000
vn 0.045399 -0.089101 0.000000
vn 0.058779 -0.080902 0.000000
vn 0.070711 -0.070711 0.000000
vn 0.080902 -0.058779 0.000000
vn 0.089101 -0.045399 0.000000
vn 0.095106 -0.030902 0.000000
vn 0.095403 0.015110 0.025882
vn 0.096593 0.000000 0.025882
vn 0.095403 -0.015110 0.025882
vn 0.091865 -0.029849 0.025882
vn 0.086065 -0.043852 0.025882
vn 0.078145 -0.056776 0.025882
vn 0.068301 -0.068301 0.025882
vn 0.056776 -0.078145 0.025882
vn 0.043852 -0.086065 0.025882
vn 0.029849 -0.091865 0.025882
vn 0.015110 -0.095403 0.025882
vn -0.000000 -0.096593 0.025882
vn -0.015110 -0.095403 0.025882
vn -0.029849 -0.091865 0.025882
vn -0.043852 -0.086065 0.025882
vn -0.056776 -0.078145 0.025882
vn -0.068301 -0.068301 0.025882
vn -0.078145 -0.056776 0.025882
vn -0.086065 -0.043852 0.025882
vn -0.091865 -0.029849 0.025882
vn -0.095403 -0.015110 0.025882
vn -0.096593 -0.000000 0.025882
vn -0.095403 0.015110 0.025882
vn -0.091865 0.029849 0.025882
vn -0.086065 0.043852 0.025882
vn -0.078145 0.056776 0.025882
vn -0.068301 0.068301 0.025882
vn -0.056776 0.078145 0.025882
vn -0.043852 0.086065 0.025882
vn -0.029849 0.091865 0.025882
vn -0.015110 0.095403 0.025882
vn -0.000000 0.096593 0.025882
vn 0.015110 0.095403 0.025882
vn 0.029849 0.091865 0.025882
vn 0.043852 0.086065 0.025882
vn 0.056776 0.078145 0.025882
vn 0.068301 0.068301 0.025882
vn 0.078145 0.056776 0.025882
vn 0.086065 0.043852 0.025882
vn 0.091865 0.029849 0.025882
vn -0.098705 0.016041 0.000000
vn -0.095403 0.015110 0.025882
vn -0.100000 0.000000 0.000000
vn -0.096593 0.000000 0.025882
vn -0.095403 -0.015110 0.025882
vn -0.086603 -0.000000 0.050000
vn -0.085536 -0.013548 0.050000
vn -0.070711 -0.000000 0.070711
vn -0.069840 -0.011062 0.070711
vn -0.050000 -0.000000 0.086603
vn -0.049384 -0.007822 0.086603
vn -0.025882 -0.000000 0.096593
vn -0.025563 -0.004049 0.096593
vn 0.000000 0.000000 0.100000
vn 0.000000 0.000000 0.100000
vn 0.025882 0.000000 0.096593
vn 0.025563 0.004049 0.096593
vn 0.050000 0.000000 0.086603
vn 0.049384 0.007822 0.086603
vn 0.070711 0.000000 0.070711
vn 0.069840 0.011062 0.070711
vn 0.086603 0.000000 0.050000
vn 0.085536 0.013548 0.050000
vn -0.091865 0.029849 0.025882
vn -0.094854 0.031667 0.000000
vn -0.086065 0.043852 0.025882
vn -0.088546 0.046472 0.000000
vn -0.078145 0.056776 0.025882
vn -0.079944 0.060074 0.000000
vn -0.068301 0.068301 0.025882
vn -0.069272 0.072120 0.000000
vn -0.056776 0.078145 0.025882
vn -0.056806 0.082298 0.000000
vn -0.043852 0.086065 0.025882
vn -0.042869 0.090345 0.000000
vn -0.029849 0.091865 0.025882
vn -0.027822 0.096052 0.000000
vn -0.015110 0.095403 0.025882
vn -0.012054 0.099271 0.000000
vn 0.000000 0.096593 0.025882
vn 0.004027 0.099919 0.000000
vn 0.015110 0.095403 0.025882
vn 0.020003 0.097979 0.000000
vn 0.029849 0.091865 0.025882
vn 0.035460 0.093502 0.000000
vn 0.043852 0.086065 0.025882
vn 0.050000 0.086603 0.000000
vn 0.056776 0.078145 0.025882
vn 0.063245 0.077460 0.000000
vn 0.068301 0.068301 0.025882
vn 0.074851 0.066312 0.000000
vn 0.078145 0.056776 0.025882
vn 0.084519 0.053447 0.000000
vn 0.086065 0.043852 0.025882
vn 0.091998 0.039197 0.000000
vn 0.091865 0.029849 0.025882
vn 0.097094 0.023932 0.000000
vn 0.095403 0.015110 0.025882
vn 0.099676 0.008047 0.000000
vn 0.096593 0.000000 0.025882
vn 0.099676 -0.008047 0.000000
vn 0.095403 -0.015110 0.025882
vn 0.097094 -0.023932 0.000000
vn 0.091865 -0.029849 0.025882
vn 0.091998 -0.039197 0.000000
vn 0.086065 -0.043852 0.025882
vn 0.084519 -0.053447 0.000000
vn 0.078145 -0.056776 0.025882
vn 0.074851 -0.066312 0.000000
vn 0.068301 -0.068301 0.025882
vn 0.063245 -0.077460 0.000000
vn 0.056776 -0.078145 0.025882
vn 0.050000 -0.086603 0.000000
vn 0.043852 -0.086065 0.025882
vn 0.035460 -0.093502 0.000000
vn 0.029849 -0.091865 0.025882
vn 0.020003 -0.097979 0.000000
vn 0.015110 -0.095403 0.025882
vn 0.004027 -0.099919 0.000000
vn 0.000000 -0.096593 0.025882
vn -0.012054 -0.099271 0.000000
vn -0.015110 -0.095403 0.025882
vn -0.027822 -0.096052 0.000000
vn -0.029849 -0.091865 0.025882
vn -0.042869 -0.090345 0.000000
vn -0.043852 -0.086065 0.025882
vn -0.056806 -0.082298 0.000000
vn -0.056776 -0.078145 0.025882
vn -0.069272 -0.072120 0.000000
vn -0.068301 -0.068301 0.025882
vn -0.079944 -0.060074 0.000000
vn -0.078145 -0.056776 0.025882
vn -0.088546 -0.046472 0.000000
vn -0.086065 -0.043852 0.025882
vn -0.094854 -0.031667 0.000000
vn -0.091865 -0.029849 0.025882
vn -0.098705 -0.016041 0.000000
vn 0.085536 -0.013548 0.050000
vn 0.082364 -0.026762 0.050000
vn 0.077163 -0.039317 0.050000
vn 0.070063 -0.050904 0.050000
vn 0.061237 -0.061237 0.050000
vn 0.050904 -0.070063 0.050000
vn 0.039317 -0.077163 0.050000
vn 0.026762 -0.082364 0.050000
vn 0.013548 -0.085536 0.050000
vn -0.000000 -0.086603 0.050000
vn -0.013548 -0.085536 0.050000
vn -0.026762 -0.082364 0.050000
vn -0.039317 -0.077163 0.050000
vn -0.050904 -0.070063 0.050000
vn -0.061237 -0.061237 0.050000
vn -0.070063 -0.050904 0.050000
vn -0.077163 -0.039317 0.050000
vn -0.082364 -0.026762 0.050000
vn -0.085536 -0.013548 0.050000
vn -0.086603 -0.000000 0.050000
vn -0.085536 0.013548 0.050000
vn -0.082364 0.026762 0.050000
vn -0.077163 0.039317 0.050000
vn -0.070063 0.050904 0.050000
vn -0.061237 0.061237 0.050000
vn -0.050904 0.070063 0.050000
vn -0.039317 0.077163 0.050000
vn -0.026762 0.082364 0.050000
vn -0.013548 0.085536 0.050000
vn -0.000000 0.086603 0.050000
vn 0.013548 0.085536 0.050000
vn 0.026762 0.082364 0.050000
vn 0.039317 0.077163 0.050000
vn 0.050904 0.070063 0.050000
vn 0.061237 0.061237 0.050000
vn 0.070063 0.050904 0.050000
vn 0.077163 0.039317 0.050000
vn 0.082364 0.026762 0.050000
vn 0.069840 -0.011062 0.070711
vn 0.067250 -0.021851 0.070711
vn 0.063004 -0.032102 0.070711
vn 0.057206 -0.041563 0.070711
vn 0.050000 -0.050000 0.070711
vn 0.041563 -0.057206 0.070711
vn 0.032102 -0.063004 0.070711
vn 0.021851 -0.067250 0.070711
vn 0.011062 -0.069840 0.070711
vn -0.000000 -0.070711 0.070711
vn -0.011062 -0.069840 0.070711
vn -0.021851 -0.067250 0.070711
vn -0.032102 -0.063004 0.070711
vn -0.041563 -0.057206 0.070711
vn -0.050000 -0.050000 0.070711
vn -0.057206 -0.041563 0.070711
vn -0.063004 -0.032102 0.070711
vn -0.067250 -0.021851 0.070711
vn -0.069840 -0.011062 0.070711
vn -0.070711 -0.000000 0.070711
vn -0.069840 0.011062 0.070711
vn -0.067250 0.021851 0.070711
vn -0.063004 0.032102 0.070711
vn -0.057206 0.041563 0.070711
vn -0.050000 0.050000 0.070711
vn -0.041563 0.057206 0.070711
vn -0.032102 0.063004 0.070711
vn -0.021851 0.067250 0.070711
vn -0.011062 0.069840 0.070711
vn -0.000000 0.070711 0.070711
vn 0.011062 0.069840 0.070711
vn 0.021851 0.067250 0.070711
vn 0.032102 0.063004 0.070711
vn 0.041563 0.057206 0.070711
vn 0.050000 0.050000 0.070711
vn 0.057206 0.041563 0.070711
vn 0.063004 0.032102 0.070711
vn 0.067250 0.021851 0.070711
vn 0.049384 -0.007822 0.086603
vn 0.047553 -0.015451 0.086603
vn 0.044550 -0.022700 0.086603
vn 0.040451 -0.029389 0.086603
vn 0.035355 -0.035355 0.086603
vn 0.029389 -0.040451 0.086603
vn 0.022700 -0.044550 0.086603
vn 0.015451 -0.047553 0.086603
vn 0.007822 -0.049384 0.086603
vn -0.000000 -0.050000 0.086603
vn -0.007822 -0.049384 0.086603
vn -0.015451 -0.047553 0.086603
vn -0.022700 -0.044550 0.086603
vn -0.029389 -0.040451 0.086603
vn -0.035355 -0.035355 0.086603
vn -0.040451 -0.029389 0.086603
vn -0.044550 -0.022700 0.086603
vn -0.047553 -0.015451 0.086603
vn -0.049384 -0.007822 0.086603
vn -0.050000 -0.000000 0.086603
vn -0.049384 0.007822 0.086603
vn -0.047553 0.015451 0.086603
vn -0.044550 0.022700 0.086603
vn -0.040451 0.029389 0.086603
vn -0.035355 0.035355 0.086603
vn -0.029389 0.040451 0.086603
vn -0.022700 0.044550 0.086603
vn -0.015451 0.047553 0.086603
vn -0.007822 0.049384 0.086603
vn -0.000000 0.050000 0.086603
vn 0.007822 0.049384 0.086603
vn 0.015451 0.047553 0.086603
vn 0.022700 0.044550 0.086603
vn 0.029389 0.040451 0.086603
vn 0.035355 0.035355 0.086603
vn 0.040451 0.029389 0.086603
vn 0.044550 0.022700 0.086603
vn 0.047553 0.015451 0.086603
vn 0.025563 -0.004049 0.096593
vn 0.024615 -0.007998 0.096593
vn 0.023061 -0.011750 0.096593
vn 0.020939 -0.015213 0.096593
vn 0.018301 -0.018301 0.096593
vn 0.015213 -0.020939 0.096593
vn 0.011750 -0.023061 0.096593
vn 0.007998 -0.024615 0.096593
vn 0.004049 -0.025563 0.096593
vn -0.000000 -0.025882 0.096593
vn -0.004049 -0.025563 0.096593
vn -0.007998 -0.024615 0.096593
vn -0.011750 -0.023061 0.096593
vn -0.015213 -0.020939 0.096593
vn -0.018301 -0.018301 0.096593
vn -0.020939 -0.015213 0.096593
vn -0.023061 -0.011750 0.096593
vn -0.024615 -0.007998 0.096593
vn -0.025563 -0.004049 0.096593
vn -0.025882 -0.000000 0.096593
vn -0.025563 0.004049 0.096593
vn -0.024615 0.007998 0.096593
vn -0.023061 0.011750 0.096593
vn -0.020939 0.015213 0.096593
vn -0.018301 0.018301 0.096593
vn -0.015213 0.020939 0.096593
vn -0.011750 0.023061 0.096593
vn -0.007998 0.024615 0.096593
vn -0.004049 0.025563 0.096593
vn -0.000000 0.025882 0.096593
vn 0.004049 0.025563 0.096593
vn 0.007998 0.024615 0.096593
vn 0.011750 0.023061 0.096593
vn 0.015213 0.020939 0.096593
vn 0.018301 0.018301 0.096593
vn 0.020939 0.015213 0.096593
vn 0.023061 0.011750 0.096593
vn 0.024615 0.007998 0.096593
vn 0.000000 -0.000000 0.100000
vn 0.000000 -0.000000 0.100000
vn 0.000000 -0.000000 0.100000
vn 0.000000 -0.000000 0.100000
vn 0.000000 -0.000000 0.100000
vn 0.000000 -0.000000 0.100000
vn 0.000000 -0.000000 0.100000
vn 0.000000 -0.000000 0.100000
vn 0.000000 -0.000000 0.100000
vn -0.000000 -0.000000 0.100000
vn -0.000000 -0.000000 0.100000
vn -0.000000 -0.000000 0.100000
vn -0.000000 -0.000000 0.100000
vn -0.000000 -0.000000 0.100000
vn -0.000000 -0.000000 0.100000
vn -0.000000 -0.000000 0.100000
vn -0.000000 -0.000000 0.100000
vn -0.000000 -0.000000 0.100000
vn -0.000000 -0.000000 0.100000
vn -0.000000 -0.000000 0.100000
vn -0.000000 0.000000 0.100000
vn -0.000000 0.000000 0.100000
vn -0.000000 0.000000 0.100000
vn -0.000000 0.000000 0.100000
vn -0.000000 0.000000 0.100000
vn -0.000000 0.000000 0.100000
vn -0.000000 0.000000 0.100000
vn -0.000000 0.000000 0.100000
vn -0.000000 0.000000 0.100000
vn -0.000000 0.000000 0.100000
vn 0.000000 0.000000 0.100000
vn 0.000000 0.000000 0.100000
vn 0.000000 0.000000 0.100000
vn 0.000000 0.000000 0.100000
vn 0.000000 0.000000 0.100000
vn 0.000000 0.000000 0.100000
vn 0.000000 0.000000 0.100000
vn 0.000000 0.000000 0.100000
vn -0.025563 0.004049 0.096593
vn -0.024615 0.007998 0.096593
vn -0.023061 0.011750 0.096593
vn -0.020939 0.015213 0.096593
vn -0.018301 0.018301 0.096593
vn -0.015213 0.020939 0.096593
vn -0.011750 0.023061 0.096593
vn -0.007998 0.024615 0.096593
vn -0.004049 0.025563 0.096593
vn 0.000000 0.025882 0.096593
vn 0.004049 0.025563 0.096593
vn 0.007998 0.024615 0.096593
vn 0.011750 0.023061 0.096593
vn 0.015213 0.020939 0.096593
vn 0.018301 0.018301 0.096593
vn 0.020939 0.015213 0.096593
vn 0.023061 0.011750 0.096593
vn 0.024615 0.007998 0.096593
vn 0.025563 0.004049 0.096593
vn 0.025882 0.000000 0.096593
vn 0.025563 -0.004049 0.096593
vn 0.024615 -0.007998 0.096593
vn 0.023061 -0.011750 0.096593
vn 0.020939 -0.015213 0.096593
vn 0.018301 -0.018301 0.096593
vn 0.015213 -0.020939 0.096593
vn 0.011750 -0.023061 0.096593
vn 0.007998 -0.024615 0.096593
vn 0.004049 -0.025563 0.096593
vn 0.000000 -0.025882 0.096593
vn -0.004049 -0.025563 0.096593
vn -0.007998 -0.024615 0.096593
vn -0.011750 -0.023061 0.096593
vn -0.015213 -0.020939 0.096593
vn -0.018301 -0.018301 0.096593
vn -0.020939 -0.015213 0.096593
vn -0.023061 -0.011750 0.096593
vn -0.024615 -0.007998 0.096593
vn -0.049384 0.007822 0.086603
vn -0.047553 0.015451 0.086603
vn -0.044550 0.022700 0.086603
vn -0.040451 0.029389 0.086603
vn -0.035355 0.035355 0.086603
vn -0.029389 0.040451 0.086603
vn -0.022700 0.044550 0.086603
vn -0.015451 0.047553 0.086603
vn -0.007822 0.049384 0.086603
vn 0.000000 0.050000 0.086603
vn 0.007822 0.049384 0.086603
vn 0.015451 0.047553 0.086603
vn 0.022700 0.044550 0.086603
vn 0.029389 0.040451 0.086603
vn 0.035355 0.035355 0.086603
vn 0.040451 0.029389 0.086603
vn 0.044550 0.022700 0.086603
vn 0.047553 0.015451 0.086603
vn 0.049384 0.007822 0.086603
vn 0.050000 0.000000 0.086603
vn 0.049384 -0.007822 0.086603
vn 0.047553 -0.015451 0.086603
vn 0.044550 -0.022700 0.086603
vn 0.040451 -0.029389 0.086603
vn 0.035355 -0.035355 0.086603
vn 0.029389 -0.040451 0.086603
vn 0.022700 -0.044550 0.086603
vn 0.015451 -0.047553 0.086603
vn 0.007822 -0.049384 0.086603
vn 0.000000 -0.050000 0.086603
vn -0.007822 -0.049384 0.086603
vn -0.015451 -0.047553 0.086603
vn -0.022700 -0.044550 0.086603
vn -0.029389 -0.040451 0.086603
vn -0.035355 -0.035355 0.086603
vn -0.040451 -0.029389 0.086603
vn -0.044550 -0.022700 0.086603
vn -0.047553 -0.015451 0.086603
vn -0.069840 0.011062 0.070711
vn -0.067250 0.021851 0.070711
vn -0.063004 0.032102 0.070711
vn -0.057206 0.041563 0.070711
vn -0.050000 0.050000 0.070711
vn -0.041563 0.057206 0.070711
vn -0.032102 0.063004 0.070711
vn -0.021851 0.067250 0.070711
vn -0.011062 0.069840 0.070711
vn 0.000000 0.070711 0.070711
vn 0.011062 0.069840 0.070711
vn 0.021851 0.067250 0.070711
vn 0.032102 0.063004 0.070711
vn 0.041563 0.057206 0.070711
vn 0.050000 0.050000 0.070711
vn 0.057206 0.041563 0.070711
vn 0.063004 0.032102 0.070711
vn 0.067250 0.021851 0.070711
vn 0.069840 0.011062 0.070711
vn 0.070711 0.000000 0.070711
vn 0.069840 -0.011062 0.070711
vn 0.067250 -0.021851 0.070711
vn 0.063004 -0.032102 0.070711
vn 0.057206 -0.041563 0.070711
vn 0.050000 -0.050000 0.070711
vn 0.041563 -0.057206 0.070711
vn 0.032102 -0.063004 0.070711
vn 0.021851 -0.067250 0.070711
vn 0.011062 -0.069840 0.070711
vn 0.000000 -0.070711 0.070711
vn -0.011062 -0.069840 0.070711
vn -0.021851 -0.067250 0.070711
vn -0.032102 -0.063004 0.070711
vn -0.041563 -0.057206 0.070711
vn -0.050000 -0.050000 0.070711
vn -0.057206 -0.041563 0.070711
vn -0.063004 -0.032102 0.070711
vn -0.067250 -0.021851 0.070711
vn -0.085536 0.013548 0.050000
vn -0.082364 0.026762 0.050000
vn -0.077163 0.039317 0.050000
vn -0.070063 0.050904 0.050000
vn -0.061237 0.061237 0.050000
vn -0.050904 0.070063 0.050000
vn -0.039317 0.077163 0.050000
vn -0.026762 0.082364 0.050000
vn -0.013548 0.085536 0.050000
vn 0.000000 0.086603 0.050000
vn 0.013548 0.085536 0.050000
vn 0.026762 0.082364 0.050000
vn 0.039317 0.077163 0.050000
vn 0.050904 0.070063 0.050000
vn 0.061237 0.061237 0.050000
vn 0.070063 0.050904 0.050000
vn 0.077163 0.039317 0.050000
vn 0.082364 0.026762 0.050000
vn 0.085536 0.013548 0.050000
vn 0.086603 0.000000 0.050000
vn 0.085536 -0.013548 0.050000
vn 0.082364 -0.026762 0.050000
vn 0.077163 -0.039317 0.050000
vn 0.070063 -0.050904 0.050000
vn 0.061237 -0.061237 0.050000
vn 0.050904 -0.070063 0.050000
vn 0.039317 -0.077163 0.050000
vn 0.026762 -0.082364 0.050000
vn 0.013548 -0.085536 0.050000
vn 0.000000 -0.086603 0.050000
vn -0.013548 -0.085536 0.050000
vn -0.026762 -0.082364 0.050000
vn -0.039317 -0.077163 0.050000
vn -0.050904 -0.070063 0.050000
vn -0.061237 -0.061237 0.050000
vn -0.070063 -0.050904 0.050000
vn -0.077163 -0.039317 0.050000
vn -0.082364 -0.026762 0.050000
vn -0.098705 0.016041 0.000000
vn -0.100000 0.000000 0.000000
vn -0.098705 -0.016041 0.000000
vn -0.094854 -0.031667 0.000000
vn -0.088546 -0.046472 0.000000
vn -0.079944 -0.060074 0.000000
vn -0.069272 -0.072120 0.000000
vn -0.056806 -0.082298 0.000000
vn -0.042869 -0.090345 0.000000
vn -0.027822 -0.096052 0.000000
vn -0.012054 -0.099271 0.000000
vn 0.004027 -0.099919 0.000000
vn 0.020003 -0.097979 0.000000
vn 0.035460 -0.093502 0.000000
vn 0.050000 -0.086603 0.000000
vn 0.063245 -0.077460 0.000000
vn 0.074851 -0.066312 0.000000
vn 0.084519 -0.053447 0.000000
vn 0.091998 -0.039197 0.000000
vn 0.097094 -0.023932 0.000000
vn 0.099676 -0.008047 0.000000
vn 0.099676 0.008047 0.000000
vn 0.097094 0.023932 0.000000
vn 0.091998 0.039197 0.000000
vn 0.084519 0.053447 0.000000
vn 0.074851 0.066312 0.000000
vn 0.063245 0.077460 0.000000
vn 0.050000 0.086603 0.000000
vn 0.035460 0.093502 0.000000
vn 0.020003 0.097979 0.000000
vn 0.004027 0.099919 0.000000
vn -0.012054 0.099271 0.000000
vn -0.027822 0.096052 0.000000
vn -0.042869 0.090345 0.000000
vn -0.056806 0.082298 0.000000
vn -0.069272 0.072120 0.000000
vn -0.079944 0.060074 0.000000
vn -0.088546 0.046472 0.000000
vn -0.094854 0.031667 0.000000
vn 0.097662 0.021497 0.000000
vn 0.097504 0.010604 0.019509
vn 0.100000 0.000000 0.000000
vn 0.097504 -0.010604 0.019509
vn 0.097662 -0.021497 0.000000
vn 0.092944 -0.031317 0.019509
vn 0.090758 -0.041989 0.000000
vn 0.084039 -0.050565 0.019509
vn 0.079609 -0.060517 0.000000
vn 0.071205 -0.067449 0.019509
vn 0.064739 -0.076216 0.000000
vn 0.055040 -0.081179 0.019509
vn 0.046841 -0.088351 0.000000
vn 0.036303 -0.091113 0.019509
vn 0.026753 -0.096355 0.000000
vn 0.015867 -0.096786 0.019509
vn 0.005414 -0.099853 0.000000
vn -0.005310 -0.097935 0.019509
vn -0.016178 -0.098683 0.000000
vn -0.026239 -0.094504 0.019509
vn -0.037014 -0.092898 0.000000
vn -0.045941 -0.086654 0.019509
vn -0.056119 -0.082769 0.000000
vn -0.063495 -0.074752 0.019509
vn -0.072600 -0.068770 0.000000
vn -0.078080 -0.059355 0.019509
vn -0.085686 -0.051555 0.000000
vn -0.089014 -0.041182 0.019509
vn -0.094765 -0.031930 0.000000
vn -0.095786 -0.021084 0.019509
vn -0.099414 -0.010812 0.000000
vn -0.098079 -0.000000 0.019509
vn -0.099414 0.010812 0.000000
vn -0.095786 0.021084 0.019509
vn -0.094765 0.031930 0.000000
vn -0.089014 0.041182 0.019509
vn -0.085686 0.051555 0.000000
vn -0.078080 0.059355 0.019509
vn -0.072600 0.068770 0.000000
vn -0.063495 0.074752 0.019509
vn -0.056119 0.082769 0.000000
vn -0.045941 0.086654 0.019509
vn -0.037014 0.092898 0.000000
vn -0.026239 0.094504 0.019509
vn -0.016178 0.098683 0.000000
vn -0.005310 0.097935 0.019509
vn 0.005414 0.099853 0.000000
vn 0.015867 0.096786 0.019509
vn 0.026753 0.096355 0.000000
vn 0.036303 0.091113 0.019509
vn 0.046841 0.088351 0.000000
vn 0.055040 0.081179 0.019509
vn 0.064739 0.076216 0.000000
vn 0.071205 0.067449 0.019509
vn 0.079609 0.060517 0.000000
vn 0.084039 0.050565 0.019509
vn 0.090758 0.041989 0.000000
vn 0.092944 0.031317 0.019509
vn -0.019509 0.000000 0.098079
vn -0.000000 0.000000 0.100000
vn -0.019053 0.004194 0.098079
vn -0.017706 0.008192 0.098079
vn -0.015531 0.011806 0.098079
vn -0.012630 0.014869 0.098079
vn -0.009138 0.017236 0.098079
vn -0.005219 0.018798 0.098079
vn -0.001056 0.019480 0.098079
vn 0.003156 0.019252 0.098079
vn 0.007221 0.018123 0.098079
vn 0.010948 0.016147 0.098079
vn 0.014163 0.013416 0.098079
vn 0.016716 0.010058 0.098079
vn 0.018488 0.006229 0.098079
vn 0.019395 0.002109 0.098079
vn 0.019395 -0.002109 0.098079
vn 0.018488 -0.006229 0.098079
vn 0.016716 -0.010058 0.098079
vn 0.014163 -0.013416 0.098079
vn 0.010948 -0.016147 0.098079
vn 0.007221 -0.018123 0.098079
vn 0.003156 -0.019252 0.098079
vn -0.001056 -0.019480 0.098079
vn -0.005219 -0.018798 0.098079
vn -0.009138 -0.017236 0.098079
vn -0.012630 -0.014869 0.098079
vn -0.015531 -0.011806 0.098079
vn -0.017706 -0.008192 0.098079
vn -0.019053 -0.004194 0.098079
vn -0.092388 0.000000 0.038268
vn -0.090228 0.019861 0.038268
vn -0.083849 0.038793 0.038268
vn -0.073549 0.055911 0.038268
vn -0.059811 0.070415 0.038268
vn -0.043275 0.081626 0.038268
vn -0.024716 0.089020 0.038268
vn -0.005002 0.092252 0.038268
vn 0.014947 0.091171 0.038268
vn 0.034196 0.085826 0.038268
vn 0.051847 0.076468 0.038268
vn 0.067073 0.063535 0.038268
vn 0.079163 0.047631 0.038268
vn 0.087552 0.029500 0.038268
vn 0.091846 0.009989 0.038268
vn 0.091846 -0.009989 0.038268
vn 0.087552 -0.029500 0.038268
vn 0.079163 -0.047631 0.038268
vn 0.067073 -0.063535 0.038268
vn 0.051847 -0.076468 0.038268
vn 0.034196 -0.085826 0.038268
vn 0.014947 -0.091171 0.038268
vn -0.005002 -0.092252 0.038268
vn -0.024716 -0.089020 0.038268
vn -0.043275 -0.081626 0.038268
vn -0.059811 -0.070415 0.038268
vn -0.073549 -0.055911 0.038268
vn -0.083849 -0.038793 0.038268
vn -0.090228 -0.019861 0.038268
vn -0.083147 0.000000 0.055557
vn -0.081203 0.017874 0.055557
vn -0.075462 0.034913 0.055557
vn -0.066193 0.050318 0.055557
vn -0.053828 0.063371 0.055557
vn -0.038947 0.073461 0.055557
vn -0.022244 0.080116 0.055557
vn -0.004501 0.083025 0.055557
vn 0.013452 0.082052 0.055557
vn 0.030776 0.077242 0.055557
vn 0.046661 0.068820 0.055557
vn 0.060364 0.057180 0.055557
vn 0.071245 0.042867 0.055557
vn 0.078794 0.026549 0.055557
vn 0.082660 0.008990 0.055557
vn 0.082660 -0.008990 0.055557
vn 0.078794 -0.026549 0.055557
vn 0.071245 -0.042867 0.055557
vn 0.060364 -0.057180 0.055557
vn 0.046661 -0.068820 0.055557
vn 0.030776 -0.077242 0.055557
vn 0.013452 -0.082052 0.055557
vn -0.004501 -0.083025 0.055557
vn -0.022244 -0.080116 0.055557
vn -0.038947 -0.073461 0.055557
vn -0.053828 -0.063371 0.055557
vn -0.066193 -0.050318 0.055557
vn -0.075462 -0.034913 0.055557
vn -0.081203 -0.017874 0.055557
vn -0.070711 0.000000 0.070711
vn -0.069058 0.015201 0.070711
vn -0.064175 0.029691 0.070711
vn -0.056292 0.042792 0.070711
vn -0.045777 0.053893 0.070711
vn -0.033121 0.062474 0.070711
vn -0.018917 0.068133 0.070711
vn -0.003828 0.070607 0.070711
vn 0.011440 0.069779 0.070711
vn 0.026173 0.065689 0.070711
vn 0.039682 0.058526 0.070711
vn 0.051336 0.048628 0.070711
vn 0.060589 0.036455 0.070711
vn 0.067009 0.022578 0.070711
vn 0.070296 0.007645 0.070711
vn 0.070296 -0.007645 0.070711
vn 0.067009 -0.022578 0.070711
vn 0.060589 -0.036455 0.070711
vn 0.051336 -0.048628 0.070711
vn 0.039682 -0.058526 0.070711
vn 0.026173 -0.065689 0.070711
vn 0.011440 -0.069779 0.070711
vn -0.003828 -0.070607 0.070711
vn -0.018917 -0.068133 0.070711
vn -0.033121 -0.062474 0.070711
vn -0.045777 -0.053893 0.070711
vn -0.056292 -0.042792 0.070711
vn -0.064175 -0.029691 0.070711
vn -0.069058 -0.015201 0.070711
vn -0.055557 0.000000 0.083147
vn -0.054258 0.011943 0.083147
vn -0.050422 0.023328 0.083147
vn -0.044229 0.033622 0.083147
vn -0.035967 0.042343 0.083147
vn -0.026023 0.049085 0.083147
vn -0.014863 0.053532 0.083147
vn -0.003008 0.055476 0.083147
vn 0.008988 0.054825 0.083147
vn 0.020564 0.051611 0.083147
vn 0.031178 0.045984 0.083147
vn 0.040334 0.038207 0.083147
vn 0.047604 0.028643 0.083147
vn 0.052649 0.017739 0.083147
vn 0.055231 0.006007 0.083147
vn 0.055231 -0.006007 0.083147
vn 0.052649 -0.017739 0.083147
vn 0.047604 -0.028643 0.083147
vn 0.040334 -0.038207 0.083147
vn 0.031178 -0.045984 0.083147
vn 0.020564 -0.051611 0.083147
vn 0.008988 -0.054825 0.083147
vn -0.003008 -0.055476 0.083147
vn -0.014863 -0.053532 0.083147
vn -0.026023 -0.049085 0.083147
vn -0.035967 -0.042343 0.083147
vn -0.044229 -0.033622 0.083147
vn -0.050422 -0.023328 0.083147
vn -0.054258 -0.011943 0.083147
vn -0.038268 0.000000 0.092388
vn -0.037374 0.008227 0.092388
vn -0.034731 0.016068 0.092388
vn -0.030465 0.023159 0.092388
vn -0.024774 0.029167 0.092388
vn -0.017925 0.033811 0.092388
vn -0.010238 0.036873 0.092388
vn -0.002072 0.038212 0.092388
vn 0.006191 0.037764 0.092388
vn 0.014165 0.035550 0.092388
vn 0.021476 0.031674 0.092388
vn 0.027783 0.026317 0.092388
vn 0.032791 0.019729 0.092388
vn 0.036265 0.012219 0.092388
vn 0.038044 0.004138 0.092388
vn 0.038044 -0.004138 0.092388
vn 0.036265 -0.012219 0.092388
vn 0.032791 -0.019729 0.092388
vn 0.027783 -0.026317 0.092388
vn 0.021476 -0.031674 0.092388
vn 0.014165 -0.035550 0.092388
vn 0.006191 -0.037764 0.092388
vn -0.002072 -0.038212 0.092388
vn -0.010238 -0.036873 0.092388
vn -0.017925 -0.033811 0.092388
vn -0.024774 -0.029167 0.092388
vn -0.030465 -0.023159 0.092388
vn -0.034731 -0.016068 0.092388
vn -0.037374 -0.008227 0.092388
vn 0.097662 0.021497 0.000000
vn 0.100000 0.000000 0.000000
vn 0.097662 -0.021497 0.000000
vn 0.090758 -0.041989 0.000000
vn 0.079609 -0.060517 0.000000
vn 0.064739 -0.076216 0.000000
vn 0.046841 -0.088351 0.000000
vn 0.026753 -0.096355 0.000000
vn 0.005414 -0.099853 0.000000
vn -0.016178 -0.098683 0.000000
vn -0.037014 -0.092898 0.000000
vn -0.056119 -0.082769 0.000000
vn -0.072600 -0.068770 0.000000
vn -0.085686 -0.051555 0.000000
vn -0.094765 -0.031930 0.000000
vn -0.099414 -0.010812 0.000000
vn -0.099414 0.010812 -0.000000
vn -0.094765 0.031930 -0.000000
vn -0.085686 0.051555 -0.000000
vn -0.072600 0.068770 -0.000000
vn -0.056119 0.082769 -0.000000
vn -0.037014 0.092898 -0.000000
vn -0.016178 0.098683 -0.000000
vn 0.005414 0.099853 0.000000
vn 0.026753 0.096355 0.000000
vn 0.046841 0.088351 0.000000
vn 0.064739 0.076216 0.000000
vn 0.079609 0.060517 0.000000
vn 0.090758 0.041989 0.000000
vn 0.000000 0.000000 0.100000
vn 0.000000 0.000000 0.100000
vn 0.000000 0.000000 0.100000
vn 0.000000 0.000000 0.100000
vn 0.000000 0.000000 0.100000
vn 0.000000 0.000000 0.100000
vn 0.000000 0.000000 0.100000
vn 0.000000 0.000000 0.100000
vn 0.000000 0.000000 0.100000
vn 0.000000 0.000000 0.100000
vn 0.000000 0.000000 0.100000
vn 0.000000 0.000000 0.100000
vn 0.000000 0.000000 0.100000
vn 0.000000 0.000000 0.100000
vn 0.000000 0.000000 0.100000
vn 0.000000 0.000000 0.100000
vn 0.000000 0.000000 0.100000
vn 0.000000 0.000000 0.100000
vn 0.000000 0.000000 0.100000
vn 0.000000 0.000000 0.100000
vn 0.000000 0.000000 0.100000
vn 0.000000 0.000000 0.100000
vn 0.000000 0.000000 0.100000
vn 0.000000 0.000000 0.100000
vn 0.000000 0.000000 0.100000
vn 0.000000 0.000000 0.100000
vn 0.000000 0.000000 0.100000
vn 0.000000 0.000000 0.100000
vn 0.000000 0.000000 0.100000
vn 0.000000 0.000000 0.100000
vn 0.000000 0.000000 0.100000
vn 0.000000 0.000000 0.100000
vn 0.000000 0.000000 0.100000
vn 0.000000 0.000000 0.100000
vn 0.000000 0.000000 0.100000
vn 0.000000 0.000000 0.100000
vn 0.000000 0.000000 0.100000
vn 0.000000 0.000000 0.100000
vn 0.000000 0.000000 0.100000
vn 0.000000 0.000000 0.100000
vn 0.000000 0.000000 0.100000
vn 0.000000 0.000000 0.100000
vn 0.000000 0.000000 0.100000
vn 0.000000 0.000000 0.100000
vn 0.000000 0.000000 0.100000
vn 0.000000 0.000000 0.100000
vn 0.000000 0.000000 0.100000
vn 0.000000 0.000000 0.100000
vn 0.000000 0.000000 0.100000
vn 0.000000 0.000000 0.100000
vn 0.000000 0.000000 0.100000
vn 0.000000 0.000000 0.100000
vn 0.000000 0.000000 0.100000
vn 0.000000 0.000000 0.100000
vn 0.000000 0.000000 0.100000
vn 0.000000 0.000000 0.100000
vn 0.000000 0.000000 0.100000
vn 0.000000 0.000000 0.100000
vn 0.000000 0.000000 0.100000
vn 0.000000 0.000000 0.100000
vn 0.000000 0.000000 0.100000
vn 0.000000 0.000000 0.100000
vn 0.000000 0.000000 0.100000
vn 0.000000 0.000000 0.100000
vn 0.000000 0.000000 0.100000
vn 0.000000 0.000000 0.100000
vn 0.000000 0.000000 0.100000
vn 0.000000 0.000000 0.100000
usemtl Steel_-_Satin
f 2/1/1 86/2/2 1/3/3
f 1/3/3 86/2/2 81/4/4
f 1/5/3 81/6/4 40/7/5
f 40/7/5 81/6/4 276/8/6
f 40/7/5 276/8/6 39/9/7
f 39/9/7 276/8/6 271/10/8
f 39/9/7 271/10/8 38/11/9
f 38/11/9 271/10/8 266/12/10
f 38/11/9 266/12/10 37/13/11
f 37/13/11 266/12/10 261/14/12
f 37/13/11 261/14/12 36/15/13
f 36/15/13 261/14/12 256/16/14
f 36/15/13 256/16/14 35/17/15
f 35/17/15 256/16/14 251/18/16
f 35/17/15 251/18/16 34/19/17
f 34/19/17 251/18/16 246/20/18
f 34/19/17 246/20/18 33/21/19
f 33/21/19 246/20/18 241/22/20
f 33/21/19 241/22/20 32/23/21
f 32/23/21 241/22/20 236/24/22
f 32/23/21 236/24/22 31/25/23
f 31/25/23 236/24/22 231/26/24
f 31/25/23 231/26/24 30/27/25
f 30/27/25 231/26/24 226/28/26
f 30/27/25 226/28/26 29/29/27
f 29/29/27 226/28/26 221/30/28
f 29/29/27 221/30/28 28/31/29
f 28/31/29 221/30/28 216/32/30
f 28/31/29 216/32/30 27/33/31
f 27/33/31 216/32/30 211/34/32
f 27/33/31 211/34/32 26/35/33
f 26/35/33 211/34/32 206/36/34
f 26/35/33 206/36/34 25/37/35
f 25/37/35 206/36/34 201/38/36
f 25/37/35 201/38/36 24/39/37
f 24/39/37 201/38/36 196/40/38
f 24/39/37 196/40/38 23/41/39
f 23/41/39 196/40/38 191/42/40
f 23/41/39 191/42/40 22/43/41
f 22/43/41 191/42/40 186/44/42
f 22/43/41 186/44/42 21/45/43
f 21/45/43 186/44/42 181/46/44
f 21/45/43 181/46/44 20/47/45
f 20/47/45 181/46/44 176/48/46
f 20/47/45 176/48/46 19/49/47
f 19/49/47 176/48/46 171/50/48
f 19/49/47 171/50/48 18/51/49
f 18/51/49 171/50/48 166/52/50
f 18/51/49 166/52/50 17/53/51
f 17/53/51 166/52/50 161/54/52
f 17/53/51 161/54/52 16/55/53
f 16/55/53 161/54/52 156/56/54
f 16/55/53 156/56/54 15/57/55
f 15/57/55 156/56/54 151/58/56
f 15/57/55 151/58/56 14/59/57
f 14/59/57 151/58/56 146/60/58
f 14/59/57 146/60/58 13/61/59
f 13/61/59 146/60/58 141/62/60
f 13/61/59 141/62/60 12/63/61
f 12/63/61 141/62/60 136/64/62
f 12/63/61 136/64/62 11/65/63
f 11/65/63 136/64/62 131/66/64
f 11/65/63 131/66/64 10/67/65
f 10/67/65 131/66/64 126/68/66
f 10/67/65 126/68/66 9/69/67
f 9/69/67 126/68/66 121/70/68
f 9/69/67 121/70/68 8/71/69
f 8/71/69 121/70/68 116/72/70
f 8/71/69 116/72/70 7/73/71
f 7/73/71 116/72/70 111/74/72
f 7/73/71 111/74/72 6/75/73
f 6/75/73 111/74/72 106/76/74
f 6/75/73 106/76/74 5/77/75
f 5/77/75 106/76/74 101/78/76
f 5/77/75 101/78/76 4/79/77
f 4/79/77 101/78/76 96/80/78
f 4/79/77 96/80/78 3/81/79
f 3/81/79 96/80/78 91/82/80
f 3/81/79 91/82/80 2/1/1
f 2/1/1 91/82/80 86/2/2
f 42/83/81 280/84/82 41/85/83
f 41/85/83 280/84/82 85/86/84
f 41/87/83 85/88/84 80/89/85
f 80/89/85 85/88/84 90/90/86
f 80/89/85 90/90/86 79/91/87
f 79/91/87 90/90/86 95/92/88
f 79/91/87 95/92/88 78/93/89
f 78/93/89 95/92/88 100/94/90
f 78/93/89 100/94/90 77/95/91
f 77/95/91 100/94/90 105/96/92
f 77/95/91 105/96/92 76/97/93
f 76/97/93 105/96/92 110/98/94
f 76/97/93 110/98/94 75/99/95
f 75/99/95 110/98/94 115/100/96
f 75/99/95 115/100/96 74/101/97
f 74/101/97 115/100/96 120/102/98
f 74/101/97 120/102/98 73/103/99
f 73/103/99 120/102/98 125/104/100
f 73/103/99 125/104/100 72/105/101
f 72/105/101 125/104/100 130/106/102
f 72/105/101 130/106/102 71/107/103
f 71/107/103 130/106/102 135/108/104
f 71/107/103 135/108/104 70/109/105
f 70/109/105 135/108/104 140/110/106
f 70/109/105 140/110/106 69/111/107
f 69/111/107 140/110/106 145/112/108
f 69/111/107 145/112/108 68/113/109
f 68/113/109 145/112/108 150/114/110
f 68/113/109 150/114/110 67/115/111
f 67/115/111 150/114/110 155/116/112
f 67/115/111 155/116/112 66/117/113
f 66/117/113 155/116/112 160/118/114
f 66/117/113 160/118/114 65/119/115
f 65/119/115 160/118/114 165/120/116
f 65/119/115 165/120/116 64/121/117
f 64/121/117 165/120/116 170/122/118
f 64/121/117 170/122/118 63/123/119
f 63/123/119 170/122/118 175/124/120
f 63/123/119 175/124/120 62/125/121
f 62/125/121 175/124/120 180/126/122
f 62/125/121 180/126/122 61/127/123
f 61/127/123 180/126/122 185/128/124
f 61/127/123 185/128/124 60/129/125
f 60/129/125 185/128/124 190/130/126
f 60/129/125 190/130/126 59/131/127
f 59/131/127 190/130/126 195/132/128
f 59/131/127 195/132/128 58/133/129
f 58/133/129 195/132/128 200/134/130
f 58/133/129 200/134/130 57/135/131
f 57/135/131 200/134/130 205/136/132
f 57/135/131 205/136/132 56/137/133
f 56/137/133 205/136/132 210/138/134
f 56/137/133 210/138/134 55/139/135
f 55/139/135 210/138/134 215/140/136
f 55/139/135 215/140/136 54/141/137
f 54/141/137 215/140/136 220/142/138
f 54/141/137 220/142/138 53/143/139
f 53/143/139 220/142/138 225/144/140
f 53/143/139 225/144/140 52/145/141
f 52/145/141 225/144/140 230/146/142
f 52/145/141 230/146/142 51/147/143
f 51/147/143 230/146/142 235/148/144
f 51/147/143 235/148/144 50/149/145
f 50/149/145 235/148/144 240/150/146
f 50/149/145 240/150/146 49/151/147
f 49/151/147 240/150/146 245/152/148
f 49/151/147 245/152/148 48/153/149
f 48/153/149 245/152/148 250/154/150
f 48/153/149 250/154/150 47/155/151
f 47/155/151 250/154/150 255/156/152
f 47/155/151 255/156/152 46/157/153
f 46/157/153 255/156/152 260/158/154
f 46/157/153 260/158/154 45/159/155
f 45/159/155 260/158/154 265/160/156
f 45/159/155 265/160/156 44/161/157
f 44/161/157 265/160/156 270/162/158
f 44/161/157 270/162/158 43/163/159
f 43/163/159 270/162/158 275/164/160
f 43/163/159 275/164/160 42/83/81
f 42/83/81 275/164/160 280/84/82
f 81/6/4 82/165/161 276/8/6
f 276/8/6 82/165/161 277/166/162
f 276/8/6 277/166/162 271/10/8
f 271/10/8 277/166/162 272/167/163
f 271/10/8 272/167/163 266/12/10
f 266/12/10 272/167/163 267/168/164
f 266/12/10 267/168/164 261/14/12
f 261/14/12 267/168/164 262/169/165
f 261/14/12 262/169/165 256/16/14
f 256/16/14 262/169/165 257/170/166
f 256/16/14 257/170/166 251/18/16
f 251/18/16 257/170/166 252/171/167
f 251/18/16 252/171/167 246/20/18
f 246/20/18 252/171/167 247/172/168
f 246/20/18 247/172/168 241/22/20
f 241/22/20 247/172/168 242/173/169
f 241/22/20 242/173/169 236/24/22
f 236/24/22 242/173/169 237/174/170
f 236/24/22 237/174/170 231/26/24
f 231/26/24 237/174/170 232/175/171
f 231/26/24 232/175/171 226/28/26
f 226/28/26 232/175/171 227/176/172
f 226/28/26 227/176/172 221/30/28
f 221/30/28 227/176/172 222/177/173
f 221/30/28 222/177/173 216/32/30
f 216/32/30 222/177/173 217/178/174
f 216/32/30 217/178/174 211/34/32
f 211/34/32 217/178/174 212/179/175
f 211/34/32 212/179/175 206/36/34
f 206/36/34 212/179/175 207/180/176
f 206/36/34 207/180/176 201/38/36
f 201/38/36 207/180/176 202/181/177
f 201/38/36 202/181/177 196/40/38
f 196/40/38 202/181/177 197/182/178
f 196/40/38 197/182/178 191/42/40
f 191/42/40 197/182/178 192/183/179
f 191/42/40 192/183/179 186/44/42
f 186/44/42 192/183/179 187/184/180
f 186/44/42 187/184/180 181/46/44
f 181/46/44 187/184/180 182/185/181
f 181/46/44 182/185/181 176/48/46
f 176/48/46 182/185/181 177/186/182
f 176/48/46 177/186/182 171/50/48
f 171/50/48 177/186/182 172/187/183
f 171/50/48 172/187/183 166/52/50
f 166/52/50 172/187/183 167/188/184
f 166/52/50 167/188/184 161/54/52
f 161/54/52 167/188/184 162/189/185
f 161/54/52 162/189/185 156/56/54
f 156/56/54 162/189/185 157/190/186
f 156/56/54 157/190/186 151/58/56
f 151/58/56 157/190/186 152/191/187
f 151/58/56 152/191/187 146/60/58
f 146/60/58 152/191/187 147/192/188
f 146/60/58 147/192/188 141/62/60
f 141/62/60 147/192/188 142/193/189
f 141/62/60 142/193/189 136/64/62
f 136/64/62 142/193/189 137/194/190
f 136/64/62 137/194/190 131/66/64
f 131/66/64 137/194/190 132/195/191
f 131/66/64 132/195/191 126/68/66
f 126/68/66 132/195/191 127/196/192
f 126/68/66 127/196/192 121/70/68
f 121/70/68 127/196/192 122/197/193
f 121/70/68 122/197/193 116/72/70
f 116/72/70 122/197/193 117/198/194
f 116/72/70 117/198/194 111/74/72
f 111/74/72 117/198/194 112/199/195
f 111/74/72 112/199/195 106/76/74
f 106/76/74 112/199/195 107/200/196
f 106/76/74 107/200/196 101/78/76
f 101/78/76 107/200/196 102/201/197
f 101/78/76 102/201/197 96/80/78
f 96/80/78 102/201/197 97/202/198
f 96/80/78 97/202/198 91/82/80
f 91/82/80 97/202/198 92/203/199
f 91/82/80 92/203/199 86/2/2
f 86/2/2 92/203/199 87/204/200
f 86/2/2 87/204/200 81/4/4
f 81/4/4 87/204/200 82/205/161
f 82/165/161 83/206/201 277/166/162
f 277/166/162 83/206/201 278/207/202
f 277/166/162 278/207/202 272/167/163
f 272/167/163 278/207/202 273/208/203
f 272/167/163 273/208/203 267/168/164
f 267/168/164 273/208/203 268/209/204
f 267/168/164 268/209/204 262/169/165
f 262/169/165 268/209/204 263/210/205
f 262/169/165 263/210/205 257/170/166
f 257/170/166 263/210/205 258/211/206
f 257/170/166 258/211/206 252/171/167
f 252/171/167 258/211/206 253/212/207
f 252/171/167 253/212/207 247/172/168
f 247/172/168 253/212/207 248/213/208
f 247/172/168 248/213/208 242/173/169
f 242/173/169 248/213/208 243/214/209
f 242/173/169 243/214/209 237/174/170
f 237/174/170 243/214/209 238/215/210
f 237/174/170 238/215/210 232/175/171
f 232/175/171 238/215/210 233/216/211
f 232/175/171 233/216/211 227/176/172
f 227/176/172 233/216/211 228/217/212
f 227/176/172 228/217/212 222/177/173
f 222/177/173 228/217/212 223/218/213
f 222/177/173 223/218/213 217/178/174
f 217/178/174 223/218/213 218/219/214
f 217/178/174 218/219/214 212/179/175
f 212/179/175 218/219/214 213/220/215
f 212/179/175 213/220/215 207/180/176
f 207/180/176 213/220/215 208/221/216
f 207/180/176 208/221/216 202/181/177
f 202/181/177 208/221/216 203/222/217
f 202/181/177 203/222/217 197/182/178
f 197/182/178 203/222/217 198/223/218
f 197/182/178 198/223/218 192/183/179
f 192/183/179 198/223/218 193/224/219
f 192/183/179 193/224/219 187/184/180
f 187/184/180 193/224/219 188/225/220
f 187/184/180 188/225/220 182/185/181
f 182/185/181 188/225/220 183/226/221
f 182/185/181 183/226/221 177/186/182
f 177/186/182 183/226/221 178/227/222
f 177/186/182 178/227/222 172/187/183
f 172/187/183 178/227/222 173/228/223
f 172/187/183 173/228/223 167/188/184
f 167/188/184 173/228/223 168/229/224
f 167/188/184 168/229/224 162/189/185
f 162/189/185 168/229/224 163/230/225
f 162/189/185 163/230/225 157/190/186
f 157/190/186 163/230/225 158/231/226
f 157/190/186 158/231/226 152/191/187
f 152/191/187 158/231/226 153/232/227
f 152/191/187 153/232/227 147/192/188
f 147/192/188 153/232/227 148/233/228
f 147/192/188 148/233/228 142/193/189
f 142/193/189 148/233/228 143/234/229
f 142/193/189 143/234/229 137/194/190
f 137/194/190 143/234/229 138/235/230
f 137/194/190 138/235/230 132/195/191
f 132/195/191 138/235/230 133/236/231
f 132/195/191 133/236/231 127/196/192
f 127/196/192 133/236/231 128/237/232
f 127/196/192 128/237/232 122/197/193
f 122/197/193 128/237/232 123/238/233
f 122/197/193 123/238/233 117/198/194
f 117/198/194 123/238/233 118/239/234
f 117/198/194 118/239/234 112/199/195
f 112/199/195 118/239/234 113/240/235
f 112/199/195 113/240/235 107/200/196
f 107/200/196 113/240/235 108/241/236
f 107/200/196 108/241/236 102/201/197
f 102/201/197 108/241/236 103/242/237
f 102/201/197 103/242/237 97/202/198
f 97/202/198 103/242/237 98/243/238
f 97/202/198 98/243/238 92/203/199
f 92/203/199 98/243/238 93/244/239
f 92/203/199 93/244/239 87/204/200
f 87/204/200 93/244/239 88/245/240
f 87/204/200 88/245/240 82/205/161
f 82/205/161 88/245/240 83/246/201
f 83/206/201 84/247/241 278/207/202
f 278/207/202 84/247/241 279/248/242
f 278/207/202 279/248/242 273/208/203
f 273/208/203 279/248/242 274/249/243
f 273/208/203 274/249/243 268/209/204
f 268/209/204 274/249/243 269/250/244
f 268/209/204 269/250/244 263/210/205
f 263/210/205 269/250/244 264/251/245
f 263/210/205 264/251/245 258/211/206
f 258/211/206 264/251/245 259/252/246
f 258/211/206 259/252/246 253/212/207
f 253/212/207 259/252/246 254/253/247
f 253/212/207 254/253/247 248/213/208
f 248/213/208 254/253/247 249/254/248
f 248/213/208 249/254/248 243/214/209
f 243/214/209 249/254/248 244/255/249
f 243/214/209 244/255/249 238/215/210
f 238/215/210 244/255/249 239/256/250
f 238/215/210 239/256/250 233/216/211
f 233/216/211 239/256/250 234/257/251
f 233/216/211 234/257/251 228/217/212
f 228/217/212 234/257/251 229/258/252
f 228/217/212 229/258/252 223/218/213
f 223/218/213 229/258/252 224/259/253
f 223/218/213 224/259/253 218/219/214
f 218/219/214 224/259/253 219/260/254
f 218/219/214 219/260/254 213/220/215
f 213/220/215 219/260/254 214/261/255
f 213/220/215 214/261/255 208/221/216
f 208/221/216 214/261/255 209/262/256
f 208/221/216 209/262/256 203/222/217
f 203/222/217 209/262/256 204/263/257
f 203/222/217 204/263/257 198/223/218
f 198/223/218 204/263/257 199/264/258
f 198/223/218 199/264/258 193/224/219
f 193/224/219 199/264/258 194/265/259
f 193/224/219 194/265/259 188/225/220
f 188/225/220 194/265/259 189/266/260
f 188/225/220 189/266/260 183/226/221
f 183/226/221 189/266/260 184/267/261
f 183/226/221 184/267/261 178/227/222
f 178/227/222 184/267/261 179/268/262
f 178/227/222 179/268/262 173/228/223
f 173/228/223 179/268/262 174/269/263
f 173/228/223 174/269/263 168/229/224
f 168/229/224 174/269/263 169/270/264
f 168/229/224 169/270/264 163/230/225
f 163/230/225 169/270/264 164/271/265
f 163/230/225 164/271/265 158/231/226
f 158/231/226 164/271/265 159/272/266
f 158/231/226 159/272/266 153/232/227
f 153/232/227 159/272/266 154/273/267
f 153/232/227 154/273/267 148/233/228
f 148/233/228 154/273/267 149/274/268
f 148/233/228 149/274/268 143/234/229
f 143/234/229 149/274/268 144/275/269
f 143/234/229 144/275/269 138/235/230
f 138/235/230 144/275/269 139/276/270
f 138/235/230 139/276/270 133/236/231
f 133/236/231 139/276/270 134/277/271
f 133/236/231 134/277/271 128/237/232
f 128/237/232 134/277/271 129/278/272
f 128/237/232 129/278/272 123/238/233
f 123/238/233 129/278/272 124/279/273
f 123/238/233 124/279/273 118/239/234
f 118/239/234 124/279/273 119/280/274
f 118/239/234 119/280/274 113/240/235
f 113/240/235 119/280/274 114/281/275
f 113/240/235 114/281/275 108/241/236
f 108/241/236 114/281/275 109/282/276
f 108/241/236 109/282/276 103/242/237
f 103/242/237 109/282/276 104/283/277
f 103/242/237 104/283/277 98/243/238
f 98/243/238 104/283/277 99/284/278
f 98/243/238 99/284/278 93/244/239
f 93/244/239 99/284/278 94/285/279
f 93/244/239 94/285/279 88/245/240
f 88/245/240 94/285/279 89/286/280
f 88/245/240 89/286/280 83/246/201
f 83/246/201 89/286/280 84/287/241
f 84/247/241 85/86/84 279/248/242
f 279/248/242 85/86/84 280/84/82
f 279/248/242 280/84/82 274/249/243
f 274/249/243 280/84/82 275/164/160
f 274/249/243 275/164/160 269/250/244
f 269/250/244 275/164/160 270/162/158
f 269/250/244 270/162/158 264/251/245
f 264/251/245 270/162/158 265/160/156
f 264/251/245 265/160/156 259/252/246
f 259/252/246 265/160/156 260/158/154
f 259/252/246 260/158/154 254/253/247
f 254/253/247 260/158/154 255/156/152
f 254/253/247 255/156/152 249/254/248
f 249/254/248 255/156/152 250/154/150
f 249/254/248 250/154/150 244/255/249
f 244/255/249 250/154/150 245/152/148
f 244/255/249 245/152/148 239/256/250
f 239/256/250 245/152/148 240/150/146
f 239/256/250 240/150/146 234/257/251
f 234/257/251 240/150/146 235/148/144
f 234/257/251 235/148/144 229/258/252
f 229/258/252 235/148/144 230/146/142
f 229/258/252 230/146/142 224/259/253
f 224/259/253 230/146/142 225/144/140
f 224/259/253 225/144/140 219/260/254
f 219/260/254 225/144/140 220/142/138
f 219/260/254 220/142/138 214/261/255
f 214/261/255 220/142/138 215/140/136
f 214/261/255 215/140/136 209/262/256
f 209/262/256 215/140/136 210/138/134
f 209/262/256 210/138/134 204/263/257
f 204/263/257 210/138/134 205/136/132
f 204/263/257 205/136/132 199/264/258
f 199/264/258 205/136/132 200/134/130
f 199/264/258 200/134/130 194/265/259
f 194/265/259 200/134/130 195/132/128
f 194/265/259 195/132/128 189/266/260
f 189/266/260 195/132/128 190/130/126
f 189/266/260 190/130/126 184/267/261
f 184/267/261 190/130/126 185/128/124
f 184/267/261 185/128/124 179/268/262
f 179/268/262 185/128/124 180/126/122
f 179/268/262 180/126/122 174/269/263
f 174/269/263 180/126/122 175/124/120
f 174/269/263 175/124/120 169/270/264
f 169/270/264 175/124/120 170/122/118
f 169/270/264 170/122/118 164/271/265
f 164/271/265 170/122/118 165/120/116
f 164/271/265 165/120/116 159/272/266
f 159/272/266 165/120/116 160/118/114
f 159/272/266 160/118/114 154/273/267
f 154/273/267 160/118/114 155/116/112
f 154/273/267 155/116/112 149/274/268
f 149/274/268 155/116/112 150/114/110
f 149/274/268 150/114/110 144/275/269
f 144/275/269 150/114/110 145/112/108
f 144/275/269 145/112/108 139/276/270
f 139/276/270 145/112/108 140/110/106
f 139/276/270 140/110/106 134/277/271
f 134/277/271 140/110/106 135/108/104
f 134/277/271 135/108/104 129/278/272
f 129/278/272 135/108/104 130/106/102
f 129/278/272 130/106/102 124/279/273
f 124/279/273 130/106/102 125/104/100
f 124/279/273 125/104/100 119/280/274
f 119/280/274 125/104/100 120/102/98
f 119/280/274 120/102/98 114/281/275
f 114/281/275 120/102/98 115/100/96
f 114/281/275 115/100/96 109/282/276
f 109/282/276 115/100/96 110/98/94
f 109/282/276 110/98/94 104/283/277
f 104/283/277 110/98/94 105/96/92
f 104/283/277 105/96/92 99/284/278
f 99/284/278 105/96/92 100/94/90
f 99/284/278 100/94/90 94/285/279
f 94/285/279 100/94/90 95/92/88
f 94/285/279 95/92/88 89/286/280
f 89/286/280 95/92/88 90/90/86
f 89/286/280 90/90/86 84/287/241
f 84/287/241 90/90/86 85/88/84
f 282/288/281 62/289/121 281/290/282
f 281/290/282 62/289/121 61/291/123
f 281/290/282 61/291/123 320/292/283
f 320/292/283 61/291/123 60/293/125
f 320/292/283 60/293/125 319/294/284
f 319/294/284 60/293/125 59/295/127
f 319/294/284 59/295/127 318/296/285
f 318/296/285 59/295/127 58/297/129
f 318/296/285 58/297/129 317/298/286
f 317/298/286 58/297/129 57/299/131
f 317/298/286 57/299/131 316/300/287
f 316/300/287 57/299/131 56/301/133
f 316/300/287 56/301/133 315/302/288
f 315/302/288 56/301/133 55/303/135
f 315/302/288 55/303/135 314/304/289
f 314/304/289 55/303/135 54/305/137
f 314/304/289 54/305/137 313/306/290
f 313/306/290 54/305/137 53/307/139
f 313/306/290 53/307/139 312/308/291
f 312/308/291 53/307/139 52/309/141
f 312/308/291 52/309/141 311/310/292
f 311/310/292 52/309/141 51/311/143
f 311/310/292 51/311/143 310/312/293
f 310/312/293 51/311/143 50/313/145
f 310/312/293 50/313/145 309/314/294
f 309/314/294 50/313/145 49/315/147
f 309/314/294 49/315/147 308/316/295
f 308/316/295 49/315/147 48/317/149
f 308/316/295 48/317/149 307/318/296
f 307/318/296 48/317/149 47/319/151
f 307/318/296 47/319/151 306/320/297
f 306/320/297 47/319/151 46/321/153
f 306/320/297 46/321/153 305/322/298
f 305/322/298 46/321/153 45/323/155
f 305/322/298 45/323/155 304/324/299
f 304/324/299 45/323/155 44/325/157
f 304/324/299 44/325/157 303/326/300
f 303/326/300 44/325/157 43/327/159
f 303/326/300 43/327/159 302/328/301
f 302/328/301 43/327/159 42/329/81
f 302/328/301 42/329/81 301/330/302
f 301/330/302 42/329/81 41/331/83
f 301/332/302 41/333/83 300/334/303
f 300/334/303 41/333/83 80/335/85
f 300/334/303 80/335/85 299/336/304
f 299/336/304 80/335/85 79/337/87
f 299/336/304 79/337/87 298/338/305
f 298/338/305 79/337/87 78/339/89
f 298/338/305 78/339/89 297/340/306
f 297/340/306 78/339/89 77/341/91
f 297/340/306 77/341/91 296/342/307
f 296/342/307 77/341/91 76/343/93
f 296/342/307 76/343/93 295/344/308
f 295/344/308 76/343/93 75/345/95
f 295/344/308 75/345/95 294/346/309
f 294/346/309 75/345/95 74/347/97
f 294/346/309 74/347/97 293/348/310
f 293/348/310 74/347/97 73/349/99
f 293/348/310 73/349/99 292/350/311
f 292/350/311 73/349/99 72/351/101
f 292/350/311 72/351/101 291/352/312
f 291/352/312 72/351/101 71/353/103
f 291/352/312 71/353/103 290/354/313
f 290/354/313 71/353/103 70/355/105
f 290/354/313 70/355/105 289/356/314
f 289/356/314 70/355/105 69/357/107
f 289/356/314 69/357/107 288/358/315
f 288/358/315 69/357/107 68/359/109
f 288/358/315 68/359/109 287/360/316
f 287/360/316 68/359/109 67/361/111
f 287/360/316 67/361/111 286/362/317
f 286/362/317 67/361/111 66/363/113
f 286/362/317 66/363/113 285/364/318
f 285/364/318 66/363/113 65/365/115
f 285/364/318 65/365/115 284/366/319
f 284/366/319 65/365/115 64/367/117
f 284/366/319 64/367/117 283/368/320
f 283/368/320 64/367/117 63/369/119
f 283/368/320 63/369/119 282/288/281
f 282/288/281 63/369/119 62/289/121
f 40/370/5 22/371/41 1/372/3
f 1/372/3 22/371/41 21/373/43
f 1/372/3 21/373/43 2/374/1
f 2/374/1 21/373/43 20/375/45
f 2/374/1 20/375/45 3/376/79
f 3/376/79 20/375/45 19/377/47
f 3/376/79 19/377/47 4/378/77
f 4/378/77 19/377/47 18/379/49
f 4/378/77 18/379/49 5/380/75
f 5/380/75 18/379/49 17/381/51
f 5/380/75 17/381/51 6/382/73
f 6/382/73 17/381/51 16/383/53
f 6/382/73 16/383/53 7/384/71
f 7/384/71 16/383/53 15/385/55
f 7/384/71 15/385/55 8/386/69
f 8/386/69 15/385/55 14/387/57
f 8/386/69 14/387/57 9/388/67
f 9/388/67 14/387/57 13/389/59
f 9/388/67 13/389/59 10/390/65
f 10/390/65 13/389/59 12/391/61
f 10/390/65 12/391/61 11/392/63
f 22/371/41 40/370/5 23/393/39
f 23/393/39 40/370/5 39/394/7
f 23/393/39 39/394/7 24/395/37
f 24/395/37 39/394/7 38/396/9
f 24/395/37 38/396/9 25/397/35
f 25/397/35 38/396/9 37/398/11
f 25/397/35 37/398/11 26/399/33
f 26/399/33 37/398/11 36/400/13
f 26/399/33 36/400/13 27/401/31
f 27/401/31 36/400/13 35/402/15
f 27/401/31 35/402/15 28/403/29
f 28/403/29 35/402/15 34/404/17
f 28/403/29 34/404/17 29/405/27
f 29/405/27 34/404/17 33/406/19
f 29/405/27 33/406/19 30/407/25
f 30/407/25 33/406/19 32/408/21
f 30/407/25 32/408/21 31/409/23
f 320/410/283 371/411/321 281/412/282
f 281/412/282 371/411/321 360/413/322
f 281/414/282 360/415/322 282/416/281
f 282/416/281 360/415/322 789/417/323
f 282/416/281 789/417/323 283/418/320
f 283/418/320 789/417/323 778/419/324
f 283/418/320 778/419/324 284/420/319
f 284/420/319 778/419/324 767/421/325
f 284/420/319 767/421/325 285/422/318
f 285/422/318 767/421/325 756/423/326
f 285/422/318 756/423/326 286/424/317
f 286/424/317 756/423/326 745/425/327
f 286/424/317 745/425/327 287/426/316
f 287/426/316 745/425/327 734/427/328
f 287/426/316 734/427/328 288/428/315
f 288/428/315 734/427/328 723/429/329
f 288/428/315 723/429/329 289/430/314
f 289/430/314 723/429/329 712/431/330
f 289/430/314 712/431/330 290/432/313
f 290/432/313 712/431/330 701/433/331
f 290/432/313 701/433/331 291/434/312
f 291/434/312 701/433/331 690/435/332
f 291/434/312 690/435/332 292/436/311
f 292/436/311 690/435/332 679/437/333
f 292/436/311 679/437/333 293/438/310
f 293/438/310 679/437/333 668/439/334
f 293/438/310 668/439/334 294/440/309
f 294/440/309 668/439/334 657/441/335
f 294/440/309 657/441/335 295/442/308
f 295/442/308 657/441/335 646/443/336
f 295/442/308 646/443/336 296/444/307
f 296/444/307 646/443/336 635/445/337
f 296/444/307 635/445/337 297/446/306
f 297/446/306 635/445/337 624/447/338
f 297/446/306 624/447/338 298/448/305
f 298/448/305 624/447/338 613/449/339
f 298/448/305 613/449/339 299/450/304
f 299/450/304 613/449/339 602/451/340
f 299/450/304 602/451/340 300/452/303
f 300/452/303 602/451/340 591/453/341
f 300/452/303 591/453/341 301/454/302
f 301/454/302 591/453/341 580/455/342
f 301/454/302 580/455/342 302/456/301
f 302/456/301 580/455/342 569/457/343
f 302/456/301 569/457/343 303/458/300
f 303/458/300 569/457/343 558/459/344
f 303/458/300 558/459/344 304/460/299
f 304/460/299 558/459/344 547/461/345
f 304/460/299 547/461/345 305/462/298
f 305/462/298 547/461/345 536/463/346
f 305/462/298 536/463/346 306/464/297
f 306/464/297 536/463/346 525/465/347
f 306/464/297 525/465/347 307/466/296
f 307/466/296 525/465/347 514/467/348
f 307/466/296 514/467/348 308/468/295
f 308/468/295 514/467/348 503/469/349
f 308/468/295 503/469/349 309/470/294
f 309/470/294 503/469/349 492/471/350
f 309/470/294 492/471/350 310/472/293
f 310/472/293 492/471/350 481/473/351
f 310/472/293 481/473/351 311/474/292
f 311/474/292 481/473/351 470/475/352
f 311/474/292 470/475/352 312/476/291
f 312/476/291 470/475/352 459/477/353
f 312/476/291 459/477/353 313/478/290
f 313/478/290 459/477/353 448/479/354
f 313/478/290 448/479/354 314/480/289
f 314/480/289 448/479/354 437/481/355
f 314/480/289 437/481/355 315/482/288
f 315/482/288 437/481/355 426/483/356
f 315/482/288 426/483/356 316/484/287
f 316/484/287 426/483/356 415/485/357
f 316/484/287 415/485/357 317/486/286
f 317/486/286 415/485/357 404/487/358
f 317/486/286 404/487/358 318/488/285
f 318/488/285 404/487/358 393/489/359
f 318/488/285 393/489/359 319/490/284
f 319/490/284 393/489/359 382/491/360
f 319/490/284 382/491/360 320/410/283
f 320/410/283 382/491/360 371/411/321
f 322/492/361 799/493/362 321/494/363
f 321/494/363 799/493/362 370/495/364
f 321/496/363 370/497/364 381/498/365
f 381/498/365 370/497/364 369/499/366
f 381/498/365 369/499/366 380/500/367
f 380/500/367 369/499/366 368/501/368
f 380/500/367 368/501/368 379/502/369
f 379/502/369 368/501/368 367/503/370
f 379/502/369 367/503/370 378/504/371
f 378/504/371 367/503/370 366/505/372
f 378/504/371 366/505/372 377/506/373
f 377/506/373 366/505/372 365/507/374
f 377/506/373 365/507/374 376/508/375
f 376/508/375 365/507/374 364/509/376
f 376/508/375 364/509/376 375/510/377
f 375/510/377 364/509/376 363/511/378
f 375/510/377 363/511/378 374/512/379
f 374/512/379 363/511/378 362/513/380
f 374/512/379 362/513/380 373/514/381
f 373/514/381 362/513/380 361/515/382
f 373/514/381 361/515/382 372/516/383
f 372/516/383 361/515/382 360/413/322
f 372/516/383 360/413/322 371/411/321
f 799/493/362 322/492/361 788/517/384
f 788/517/384 322/492/361 323/518/385
f 788/517/384 323/518/385 777/519/386
f 777/519/386 323/518/385 324/520/387
f 777/519/386 324/520/387 766/521/388
f 766/521/388 324/520/387 325/522/389
f 766/521/388 325/522/389 755/523/390
f 755/523/390 325/522/389 326/524/391
f 755/523/390 326/524/391 744/525/392
f 744/525/392 326/524/391 327/526/393
f 744/525/392 327/526/393 733/527/394
f 733/527/394 327/526/393 328/528/395
f 733/527/394 328/528/395 722/529/396
f 722/529/396 328/528/395 329/530/397
f 722/529/396 329/530/397 711/531/398
f 711/531/398 329/530/397 330/532/399
f 711/531/398 330/532/399 700/533/400
f 700/533/400 330/532/399 331/534/401
f 700/533/400 331/534/401 689/535/402
f 689/535/402 331/534/401 332/536/403
f 689/535/402 332/536/403 678/537/404
f 678/537/404 332/536/403 333/538/405
f 678/537/404 333/538/405 667/539/406
f 667/539/406 333/538/405 334/540/407
f 667/539/406 334/540/407 656/541/408
f 656/541/408 334/540/407 335/542/409
f 656/541/408 335/542/409 645/543/410
f 645/543/410 335/542/409 336/544/411
f 645/543/410 336/544/411 634/545/412
f 634/545/412 336/544/411 337/546/413
f 634/545/412 337/546/413 623/547/414
f 623/547/414 337/546/413 338/548/415
f 623/547/414 338/548/415 612/549/416
f 612/549/416 338/548/415 339/550/417
f 612/549/416 339/550/417 601/551/418
f 601/551/418 339/550/417 340/552/419
f 601/551/418 340/552/419 590/553/420
f 590/553/420 340/552/419 341/554/421
f 590/553/420 341/554/421 579/555/422
f 579/555/422 341/554/421 342/556/423
f 579/555/422 342/556/423 568/557/424
f 568/557/424 342/556/423 343/558/425
f 568/557/424 343/558/425 557/559/426
f 557/559/426 343/558/425 344/560/427
f 557/559/426 344/560/427 546/561/428
f 546/561/428 344/560/427 345/562/429
f 546/561/428 345/562/429 535/563/430
f 535/563/430 345/562/429 346/564/431
f 535/563/430 346/564/431 524/565/432
f 524/565/432 346/564/431 347/566/433
f 524/565/432 347/566/433 513/567/434
f 513/567/434 347/566/433 348/568/435
f 513/567/434 348/568/435 502/569/436
f 502/569/436 348/568/435 349/570/437
f 502/569/436 349/570/437 491/571/438
f 491/571/438 349/570/437 350/572/439
f 491/571/438 350/572/439 480/573/440
f 480/573/440 350/572/439 351/574/441
f 480/573/440 351/574/441 469/575/442
f 469/575/442 351/574/441 352/576/443
f 469/575/442 352/576/443 458/577/444
f 458/577/444 352/576/443 353/578/445
f 458/577/444 353/578/445 447/579/446
f 447/579/446 353/578/445 354/580/447
f 447/579/446 354/580/447 436/581/448
f 436/581/448 354/580/447 355/582/449
f 436/581/448 355/582/449 425/583/450
f 425/583/450 355/582/449 356/584/451
f 425/583/450 356/584/451 414/585/452
f 414/585/452 356/584/451 357/586/453
f 414/585/452 357/586/453 403/587/454
f 403/587/454 357/586/453 358/588/455
f 403/587/454 358/588/455 392/589/456
f 392/589/456 358/588/455 359/590/457
f 392/589/456 359/590/457 381/498/365
f 381/498/365 359/590/457 321/496/363
f 360/415/322 361/591/382 789/417/323
f 789/417/323 361/591/382 790/592/458
f 789/417/323 790/592/458 778/419/324
f 778/419/324 790/592/458 779/593/459
f 778/419/324 779/593/459 767/421/325
f 767/421/325 779/593/459 768/594/460
f 767/421/325 768/594/460 756/423/326
f 756/423/326 768/594/460 757/595/461
f 756/423/326 757/595/461 745/425/327
f 745/425/327 757/595/461 746/596/462
f 745/425/327 746/596/462 734/427/328
f 734/427/328 746/596/462 735/597/463
f 734/427/328 735/597/463 723/429/329
f 723/429/329 735/597/463 724/598/464
f 723/429/329 724/598/464 712/431/330
f 712/431/330 724/598/464 713/599/465
f 712/431/330 713/599/465 701/433/331
f 701/433/331 713/599/465 702/600/466
f 701/433/331 702/600/466 690/435/332
f 690/435/332 702/600/466 691/601/467
f 690/435/332 691/601/467 679/437/333
f 679/437/333 691/601/467 680/602/468
f 679/437/333 680/602/468 668/439/334
f 668/439/334 680/602/468 669/603/469
f 668/439/334 669/603/469 657/441/335
f 657/441/335 669/603/469 658/604/470
f 657/441/335 658/604/470 646/443/336
f 646/443/336 658/604/470 647/605/471
f 646/443/336 647/605/471 635/445/337
f 635/445/337 647/605/471 636/606/472
f 635/445/337 636/606/472 624/447/338
f 624/447/338 636/606/472 625/607/473
f 624/447/338 625/607/473 613/449/339
f 613/449/339 625/607/473 614/608/474
f 613/449/339 614/608/474 602/451/340
f 602/451/340 614/608/474 603/609/475
f 602/451/340 603/609/475 591/453/341
f 591/453/341 603/609/475 592/610/476
f 591/453/341 592/610/476 580/455/342
f 580/455/342 592/610/476 581/611/477
f 580/455/342 581/611/477 569/457/343
f 569/457/343 581/611/477 570/612/478
f 569/457/343 570/612/478 558/459/344
f 558/459/344 570/612/478 559/613/479
f 558/459/344 559/613/479 547/461/345
f 547/461/345 559/613/479 548/614/480
f 547/461/345 548/614/480 536/463/346
f 536/463/346 548/614/480 537/615/481
f 536/463/346 537/615/481 525/465/347
f 525/465/347 537/615/481 526/616/482
f 525/465/347 526/616/482 514/467/348
f 514/467/348 526/616/482 515/617/483
f 514/467/348 515/617/483 503/469/349
f 503/469/349 515/617/483 504/618/484
f 503/469/349 504/618/484 492/471/350
f 492/471/350 504/618/484 493/619/485
f 492/471/350 493/619/485 481/473/351
f 481/473/351 493/619/485 482/620/486
f 481/473/351 482/620/486 470/475/352
f 470/475/352 482/620/486 471/621/487
f 470/475/352 471/621/487 459/477/353
f 459/477/353 471/621/487 460/622/488
f 459/477/353 460/622/488 448/479/354
f 448/479/354 460/622/488 449/623/489
f 448/479/354 449/623/489 437/481/355
f 437/481/355 449/623/489 438/624/490
f 437/481/355 438/624/490 426/483/356
f 426/483/356 438/624/490 427/625/491
f 426/483/356 427/625/491 415/485/357
f 415/485/357 427/625/491 416/626/492
f 415/485/357 416/626/492 404/487/358
f 404/487/358 416/626/492 405/627/493
f 404/487/358 405/627/493 393/489/359
f 393/489/359 405/627/493 394/628/494
f 393/489/359 394/628/494 382/491/360
f 382/491/360 394/628/494 383/629/495
f 382/491/360 383/629/495 371/411/321
f 371/411/321 383/629/495 372/516/383
f 361/591/382 362/630/380 790/592/458
f 790/592/458 362/630/380 791/631/496
f 790/592/458 791/631/496 779/593/459
f 779/593/459 791/631/496 780/632/497
f 779/593/459 780/632/497 768/594/460
f 768/594/460 780/632/497 769/633/498
f 768/594/460 769/633/498 757/595/461
f 757/595/461 769/633/498 758/634/499
f 757/595/461 758/634/499 746/596/462
f 746/596/462 758/634/499 747/635/500
f 746/596/462 747/635/500 735/597/463
f 735/597/463 747/635/500 736/636/501
f 735/597/463 736/636/501 724/598/464
f 724/598/464 736/636/501 725/637/502
f 724/598/464 725/637/502 713/599/465
f 713/599/465 725/637/502 714/638/503
f 713/599/465 714/638/503 702/600/466
f 702/600/466 714/638/503 703/639/504
f 702/600/466 703/639/504 691/601/467
f 691/601/467 703/639/504 692/640/505
f 691/601/467 692/640/505 680/602/468
f 680/602/468 692/640/505 681/641/506
f 680/602/468 681/641/506 669/603/469
f 669/603/469 681/641/506 670/642/507
f 669/603/469 670/642/507 658/604/470
f 658/604/470 670/642/507 659/643/508
f 658/604/470 659/643/508 647/605/471
f 647/605/471 659/643/508 648/644/509
f 647/605/471 648/644/509 636/606/472
f 636/606/472 648/644/509 637/645/510
f 636/606/472 637/645/510 625/607/473
f 625/607/473 637/645/510 626/646/511
f 625/607/473 626/646/511 614/608/474
f 614/608/474 626/646/511 615/647/512
f 614/608/474 615/647/512 603/609/475
f 603/609/475 615/647/512 604/648/513
f 603/609/475 604/648/513 592/610/476
f 592/610/476 604/648/513 593/649/514
f 592/610/476 593/649/514 581/611/477
f 581/611/477 593/649/514 582/650/515
f 581/611/477 582/650/515 570/612/478
f 570/612/478 582/650/515 571/651/516
f 570/612/478 571/651/516 559/613/479
f 559/613/479 571/651/516 560/652/517
f 559/613/479 560/652/517 548/614/480
f 548/614/480 560/652/517 549/653/518
f 548/614/480 549/653/518 537/615/481
f 537/615/481 549/653/518 538/654/519
f 537/615/481 538/654/519 526/616/482
f 526/616/482 538/654/519 527/655/520
f 526/616/482 527/655/520 515/617/483
f 515/617/483 527/655/520 516/656/521
f 515/617/483 516/656/521 504/618/484
f 504/618/484 516/656/521 505/657/522
f 504/618/484 505/657/522 493/619/485
f 493/619/485 505/657/522 494/658/523
f 493/619/485 494/658/523 482/620/486
f 482/620/486 494/658/523 483/659/524
f 482/620/486 483/659/524 471/621/487
f 471/621/487 483/659/524 472/660/525
f 471/621/487 472/660/525 460/622/488
f 460/622/488 472/660/525 461/661/526
f 460/622/488 461/661/526 449/623/489
f 449/623/489 461/661/526 450/662/527
f 449/623/489 450/662/527 438/624/490
f 438/624/490 450/662/527 439/663/528
f 438/624/490 439/663/528 427/625/491
f 427/625/491 439/663/528 428/664/529
f 427/625/491 428/664/529 416/626/492
f 416/626/492 428/664/529 417/665/530
f 416/626/492 417/665/530 405/627/493
f 405/627/493 417/665/530 406/666/531
f 405/627/493 406/666/531 394/628/494
f 394/628/494 406/666/531 395/667/532
f 394/628/494 395/667/532 383/629/495
f 383/629/495 395/667/532 384/668/533
f 383/629/495 384/668/533 372/516/383
f 372/516/383 384/668/533 373/514/381
f 362/630/380 363/669/378 791/631/496
f 791/631/496 363/669/378 792/670/534
f 791/631/496 792/670/534 780/632/497
f 780/632/497 792/670/534 781/671/535
f 780/632/497 781/671/535 769/633/498
f 769/633/498 781/671/535 770/672/536
f 769/633/498 770/672/536 758/634/499
f 758/634/499 770/672/536 759/673/537
f 758/634/499 759/673/537 747/635/500
f 747/635/500 759/673/537 748/674/538
f 747/635/500 748/674/538 736/636/501
f 736/636/501 748/674/538 737/675/539
f 736/636/501 737/675/539 725/637/502
f 725/637/502 737/675/539 726/676/540
f 725/637/502 726/676/540 714/638/503
f 714/638/503 726/676/540 715/677/541
f 714/638/503 715/677/541 703/639/504
f 703/639/504 715/677/541 704/678/542
f 703/639/504 704/678/542 692/640/505
f 692/640/505 704/678/542 693/679/543
f 692/640/505 693/679/543 681/641/506
f 681/641/506 693/679/543 682/680/544
f 681/641/506 682/680/544 670/642/507
f 670/642/507 682/680/544 671/681/545
f 670/642/507 671/681/545 659/643/508
f 659/643/508 671/681/545 660/682/546
f 659/643/508 660/682/546 648/644/509
f 648/644/509 660/682/546 649/683/547
f 648/644/509 649/683/547 637/645/510
f 637/645/510 649/683/547 638/684/548
f 637/645/510 638/684/548 626/646/511
f 626/646/511 638/684/548 627/685/549
f 626/646/511 627/685/549 615/647/512
f 615/647/512 627/685/549 616/686/550
f 615/647/512 616/686/550 604/648/513
f 604/648/513 616/686/550 605/687/551
f 604/648/513 605/687/551 593/649/514
f 593/649/514 605/687/551 594/688/552
f 593/649/514 594/688/552 582/650/515
f 582/650/515 594/688/552 583/689/553
f 582/650/515 583/689/553 571/651/516
f 571/651/516 583/689/553 572/690/554
f 571/651/516 572/690/554 560/652/517
f 560/652/517 572/690/554 561/691/555
f 560/652/517 561/691/555 549/653/518
f 549/653/518 561/691/555 550/692/556
f 549/653/518 550/692/556 538/654/519
f 538/654/519 550/692/556 539/693/557
f 538/654/519 539/693/557 527/655/520
f 527/655/520 539/693/557 528/694/558
f 527/655/520 528/694/558 516/656/521
f 516/656/521 528/694/558 517/695/559
f 516/656/521 517/695/559 505/657/522
f 505/657/522 517/695/559 506/696/560
f 505/657/522 506/696/560 494/658/523
f 494/658/523 506/696/560 495/697/561
f 494/658/523 495/697/561 483/659/524
f 483/659/524 495/697/561 484/698/562
f 483/659/524 484/698/562 472/660/525
f 472/660/525 484/698/562 473/699/563
f 472/660/525 473/699/563 461/661/526
f 461/661/526 473/699/563 462/700/564
f 461/661/526 462/700/564 450/662/527
f 450/662/527 462/700/564 451/701/565
f 450/662/527 451/701/565 439/663/528
f 439/663/528 451/701/565 440/702/566
f 439/663/528 440/702/566 428/664/529
f 428/664/529 440/702/566 429/703/567
f 428/664/529 429/703/567 417/665/530
f 417/665/530 429/703/567 418/704/568
f 417/665/530 418/704/568 406/666/531
f 406/666/531 418/704/568 407/705/569
f 406/666/531 407/705/569 395/667/532
f 395/667/532 407/705/569 396/706/570
f 395/667/532 396/706/570 384/668/533
f 384/668/533 396/706/570 385/707/571
f 384/668/533 385/707/571 373/514/381
f 373/514/381 385/707/571 374/512/379
f 363/669/378 364/708/376 792/670/534
f 792/670/534 364/708/376 793/709/572
f 792/670/534 793/709/572 781/671/535
f 781/671/535 793/709/572 782/710/573
f 781/671/535 782/710/573 770/672/536
f 770/672/536 782/710/573 771/711/574
f 770/672/536 771/711/574 759/673/537
f 759/673/537 771/711/574 760/712/575
f 759/673/537 760/712/575 748/674/538
f 748/674/538 760/712/575 749/713/576
f 748/674/538 749/713/576 737/675/539
f 737/675/539 749/713/576 738/714/577
f 737/675/539 738/714/577 726/676/540
f 726/676/540 738/714/577 727/715/578
f 726/676/540 727/715/578 715/677/541
f 715/677/541 727/715/578 716/716/579
f 715/677/541 716/716/579 704/678/542
f 704/678/542 716/716/579 705/717/580
f 704/678/542 705/717/580 693/679/543
f 693/679/543 705/717/580 694/718/581
f 693/679/543 694/718/581 682/680/544
f 682/680/544 694/718/581 683/719/582
f 682/680/544 683/719/582 671/681/545
f 671/681/545 683/719/582 672/720/583
f 671/681/545 672/720/583 660/682/546
f 660/682/546 672/720/583 661/721/584
f 660/682/546 661/721/584 649/683/547
f 649/683/547 661/721/584 650/722/585
f 649/683/547 650/722/585 638/684/548
f 638/684/548 650/722/585 639/723/586
f 638/684/548 639/723/586 627/685/549
f 627/685/549 639/723/586 628/724/587
f 627/685/549 628/724/587 616/686/550
f 616/686/550 628/724/587 617/725/588
f 616/686/550 617/725/588 605/687/551
f 605/687/551 617/725/588 606/726/589
f 605/687/551 606/726/589 594/688/552
f 594/688/552 606/726/589 595/727/590
f 594/688/552 595/727/590 583/689/553
f 583/689/553 595/727/590 584/728/591
f 583/689/553 584/728/591 572/690/554
f 572/690/554 584/728/591 573/729/592
f 572/690/554 573/729/592 561/691/555
f 561/691/555 573/729/592 562/730/593
f 561/691/555 562/730/593 550/692/556
f 550/692/556 562/730/593 551/731/594
f 550/692/556 551/731/594 539/693/557
f 539/693/557 551/731/594 540/732/595
f 539/693/557 540/732/595 528/694/558
f 528/694/558 540/732/595 529/733/596
f 528/694/558 529/733/596 517/695/559
f 517/695/559 529/733/596 518/734/597
f 517/695/559 518/734/597 506/696/560
f 506/696/560 518/734/597 507/735/598
f 506/696/560 507/735/598 495/697/561
f 495/697/561 507/735/598 496/736/599
f 495/697/561 496/736/599 484/698/562
f 484/698/562 496/736/599 485/737/600
f 484/698/562 485/737/600 473/699/563
f 473/699/563 485/737/600 474/738/601
f 473/699/563 474/738/601 462/700/564
f 462/700/564 474/738/601 463/739/602
f 462/700/564 463/739/602 451/701/565
f 451/701/565 463/739/602 452/740/603
f 451/701/565 452/740/603 440/702/566
f 440/702/566 452/740/603 441/741/604
f 440/702/566 441/741/604 429/703/567
f 429/703/567 441/741/604 430/742/605
f 429/703/567 430/742/605 418/704/568
f 418/704/568 430/742/605 419/743/606
f 418/704/568 419/743/606 407/705/569
f 407/705/569 419/743/606 408/744/607
f 407/705/569 408/744/607 396/706/570
f 396/706/570 408/744/607 397/745/608
f 396/706/570 397/745/608 385/707/571
f 385/707/571 397/745/608 386/746/609
f 385/707/571 386/746/609 374/512/379
f 374/512/379 386/746/609 375/510/377
f 364/708/376 365/747/374 793/709/572
f 793/709/572 365/747/374 794/748/610
f 793/709/572 794/748/610 782/710/573
f 782/710/573 794/748/610 783/749/611
f 782/710/573 783/749/611 771/711/574
f 771/711/574 783/749/611 772/750/612
f 771/711/574 772/750/612 760/712/575
f 760/712/575 772/750/612 761/751/613
f 760/712/575 761/751/613 749/713/576
f 749/713/576 761/751/613 750/752/614
f 749/713/576 750/752/614 738/714/577
f 738/714/577 750/752/614 739/753/615
f 738/714/577 739/753/615 727/715/578
f 727/715/578 739/753/615 728/754/616
f 727/715/578 728/754/616 716/716/579
f 716/716/579 728/754/616 717/755/617
f 716/716/579 717/755/617 705/717/580
f 705/717/580 717/755/617 706/756/618
f 705/717/580 706/756/618 694/718/581
f 694/718/581 706/756/618 695/757/619
f 694/718/581 695/757/619 683/719/582
f 683/719/582 695/757/619 684/758/620
f 683/719/582 684/758/620 672/720/583
f 672/720/583 684/758/620 673/759/621
f 672/720/583 673/759/621 661/721/584
f 661/721/584 673/759/621 662/760/622
f 661/721/584 662/760/622 650/722/585
f 650/722/585 662/760/622 651/761/623
f 650/722/585 651/761/623 639/723/586
f 639/723/586 651/761/623 640/762/624
f 639/723/586 640/762/624 628/724/587
f 628/724/587 640/762/624 629/763/625
f 628/724/587 629/763/625 617/725/588
f 617/725/588 629/763/625 618/764/626
f 617/725/588 618/764/626 606/726/589
f 606/726/589 618/764/626 607/765/627
f 606/726/589 607/765/627 595/727/590
f 595/727/590 607/765/627 596/766/628
f 595/727/590 596/766/628 584/728/591
f 584/728/591 596/766/628 585/767/629
f 584/728/591 585/767/629 573/729/592
f 573/729/592 585/767/629 574/768/630
f 573/729/592 574/768/630 562/730/593
f 562/730/593 574/768/630 563/769/631
f 562/730/593 563/769/631 551/731/594
f 551/731/594 563/769/631 552/770/632
f 551/731/594 552/770/632 540/732/595
f 540/732/595 552/770/632 541/771/633
f 540/732/595 541/771/633 529/733/596
f 529/733/596 541/771/633 530/772/634
f 529/733/596 530/772/634 518/734/597
f 518/734/597 530/772/634 519/773/635
f 518/734/597 519/773/635 507/735/598
f 507/735/598 519/773/635 508/774/636
f 507/735/598 508/774/636 496/736/599
f 496/736/599 508/774/636 497/775/637
f 496/736/599 497/775/637 485/737/600
f 485/737/600 497/775/637 486/776/638
f 485/737/600 486/776/638 474/738/601
f 474/738/601 486/776/638 475/777/639
f 474/738/601 475/777/639 463/739/602
f 463/739/602 475/777/639 464/778/640
f 463/739/602 464/778/640 452/740/603
f 452/740/603 464/778/640 453/779/641
f 452/740/603 453/779/641 441/741/604
f 441/741/604 453/779/641 442/780/642
f 441/741/604 442/780/642 430/742/605
f 430/742/605 442/780/642 431/781/643
f 430/742/605 431/781/643 419/743/606
f 419/743/606 431/781/643 420/782/644
f 419/743/606 420/782/644 408/744/607
f 408/744/607 420/782/644 409/783/645
f 408/744/607 409/783/645 397/745/608
f 397/745/608 409/783/645 398/784/646
f 397/745/608 398/784/646 386/746/609
f 386/746/609 398/784/646 387/785/647
f 386/746/609 387/785/647 375/510/377
f 375/510/377 387/785/647 376/508/375
f 365/747/374 366/786/372 794/748/610
f 794/748/610 366/786/372 795/787/648
f 794/748/610 795/787/648 783/749/611
f 783/749/611 795/787/648 784/788/649
f 783/749/611 784/788/649 772/750/612
f 772/750/612 784/788/649 773/789/650
f 772/750/612 773/789/650 761/751/613
f 761/751/613 773/789/650 762/790/651
f 761/751/613 762/790/651 750/752/614
f 750/752/614 762/790/651 751/791/652
f 750/752/614 751/791/652 739/753/615
f 739/753/615 751/791/652 740/792/653
f 739/753/615 740/792/653 728/754/616
f 728/754/616 740/792/653 729/793/654
f 728/754/616 729/793/654 717/755/617
f 717/755/617 729/793/654 718/794/655
f 717/755/617 718/794/655 706/756/618
f 706/756/618 718/794/655 707/795/656
f 706/756/618 707/795/656 695/757/619
f 695/757/619 707/795/656 696/796/657
f 695/757/619 696/796/657 684/758/620
f 684/758/620 696/796/657 685/797/658
f 684/758/620 685/797/658 673/759/621
f 673/759/621 685/797/658 674/798/659
f 673/759/621 674/798/659 662/760/622
f 662/760/622 674/798/659 663/799/660
f 662/760/622 663/799/660 651/761/623
f 651/761/623 663/799/660 652/800/661
f 651/761/623 652/800/661 640/762/624
f 640/762/624 652/800/661 641/801/662
f 640/762/624 641/801/662 629/763/625
f 629/763/625 641/801/662 630/802/663
f 629/763/625 630/802/663 618/764/626
f 618/764/626 630/802/663 619/803/664
f 618/764/626 619/803/664 607/765/627
f 607/765/627 619/803/664 608/804/665
f 607/765/627 608/804/665 596/766/628
f 596/766/628 608/804/665 597/805/666
f 596/766/628 597/805/666 585/767/629
f 585/767/629 597/805/666 586/806/667
f 585/767/629 586/806/667 574/768/630
f 574/768/630 586/806/667 575/807/668
f 574/768/630 575/807/668 563/769/631
f 563/769/631 575/807/668 564/808/669
f 563/769/631 564/808/669 552/770/632
f 552/770/632 564/808/669 553/809/670
f 552/770/632 553/809/670 541/771/633
f 541/771/633 553/809/670 542/810/671
f 541/771/633 542/810/671 530/772/634
f 530/772/634 542/810/671 531/811/672
f 530/772/634 531/811/672 519/773/635
f 519/773/635 531/811/672 520/812/673
f 519/773/635 520/812/673 508/774/636
f 508/774/636 520/812/673 509/813/674
f 508/774/636 509/813/674 497/775/637
f 497/775/637 509/813/674 498/814/675
f 497/775/637 498/814/675 486/776/638
f 486/776/638 498/814/675 487/815/676
f 486/776/638 487/815/676 475/777/639
f 475/777/639 487/815/676 476/816/677
f 475/777/639 476/816/677 464/778/640
f 464/778/640 476/816/677 465/817/678
f 464/778/640 465/817/678 453/779/641
f 453/779/641 465/817/678 454/818/679
f 453/779/641 454/818/679 442/780/642
f 442/780/642 454/818/679 443/819/680
f 442/780/642 443/819/680 431/781/643
f 431/781/643 443/819/680 432/820/681
f 431/781/643 432/820/681 420/782/644
f 420/782/644 432/820/681 421/821/682
f 420/782/644 421/821/682 409/783/645
f 409/783/645 421/821/682 410/822/683
f 409/783/645 410/822/683 398/784/646
f 398/784/646 410/822/683 399/823/684
f 398/784/646 399/823/684 387/785/647
f 387/785/647 399/823/684 388/824/685
f 387/785/647 388/824/685 376/508/375
f 376/508/375 388/824/685 377/506/373
f 366/786/372 367/825/370 795/787/648
f 795/787/648 367/825/370 796/826/686
f 795/787/648 796/826/686 784/788/649
f 784/788/649 796/826/686 785/827/687
f 784/788/649 785/827/687 773/789/650
f 773/789/650 785/827/687 774/828/688
f 773/789/650 774/828/688 762/790/651
f 762/790/651 774/828/688 763/829/689
f 762/790/651 763/829/689 751/791/652
f 751/791/652 763/829/689 752/830/690
f 751/791/652 752/830/690 740/792/653
f 740/792/653 752/830/690 741/831/691
f 740/792/653 741/831/691 729/793/654
f 729/793/654 741/831/691 730/832/692
f 729/793/654 730/832/692 718/794/655
f 718/794/655 730/832/692 719/833/693
f 718/794/655 719/833/693 707/795/656
f 707/795/656 719/833/693 708/834/694
f 707/795/656 708/834/694 696/796/657
f 696/796/657 708/834/694 697/835/695
f 696/796/657 697/835/695 685/797/658
f 685/797/658 697/835/695 686/836/696
f 685/797/658 686/836/696 674/798/659
f 674/798/659 686/836/696 675/837/697
f 674/798/659 675/837/697 663/799/660
f 663/799/660 675/837/697 664/838/698
f 663/799/660 664/838/698 652/800/661
f 652/800/661 664/838/698 653/839/699
f 652/800/661 653/839/699 641/801/662
f 641/801/662 653/839/699 642/840/700
f 641/801/662 642/840/700 630/802/663
f 630/802/663 642/840/700 631/841/701
f 630/802/663 631/841/701 619/803/664
f 619/803/664 631/841/701 620/842/702
f 619/803/664 620/842/702 608/804/665
f 608/804/665 620/842/702 609/843/703
f 608/804/665 609/843/703 597/805/666
f 597/805/666 609/843/703 598/844/704
f 597/805/666 598/844/704 586/806/667
f 586/806/667 598/844/704 587/845/705
f 586/806/667 587/845/705 575/807/668
f 575/807/668 587/845/705 576/846/706
f 575/807/668 576/846/706 564/808/669
f 564/808/669 576/846/706 565/847/707
f 564/808/669 565/847/707 553/809/670
f 553/809/670 565/847/707 554/848/708
f 553/809/670 554/848/708 542/810/671
f 542/810/671 554/848/708 543/849/709
f 542/810/671 543/849/709 531/811/672
f 531/811/672 543/849/709 532/850/710
f 531/811/672 532/850/710 520/812/673
f 520/812/673 532/850/710 521/851/711
f 520/812/673 521/851/711 509/813/674
f 509/813/674 521/851/711 510/852/712
f 509/813/674 510/852/712 498/814/675
f 498/814/675 510/852/712 499/853/713
f 498/814/675 499/853/713 487/815/676
f 487/815/676 499/853/713 488/854/714
f 487/815/676 488/854/714 476/816/677
f 476/816/677 488/854/714 477/855/715
f 476/816/677 477/855/715 465/817/678
f 465/817/678 477/855/715 466/856/716
f 465/817/678 466/856/716 454/818/679
f 454/818/679 466/856/716 455/857/717
f 454/818/679 455/857/717 443/819/680
f 443/819/680 455/857/717 444/858/718
f 443/819/680 444/858/718 432/820/681
f 432/820/681 444/858/718 433/859/719
f 432/820/681 433/859/719 421/821/682
f 421/821/682 433/859/719 422/860/720
f 421/821/682 422/860/720 410/822/683
f 410/822/683 422/860/720 411/861/721
f 410/822/683 411/861/721 399/823/684
f 399/823/684 411/861/721 400/862/722
f 399/823/684 400/862/722 388/824/685
f 388/824/685 400/862/722 389/863/723
f 388/824/685 389/863/723 377/506/373
f 377/506/373 389/863/723 378/504/371
f 367/825/370 368/864/368 796/826/686
f 796/826/686 368/864/368 797/865/724
f 796/826/686 797/865/724 785/827/687
f 785/827/687 797/865/724 786/866/725
f 785/827/687 786/866/725 774/828/688
f 774/828/688 786/866/725 775/867/726
f 774/828/688 775/867/726 763/829/689
f 763/829/689 775/867/726 764/868/727
f 763/829/689 764/868/727 752/830/690
f 752/830/690 764/868/727 753/869/728
f 752/830/690 753/869/728 741/831/691
f 741/831/691 753/869/728 742/870/729
f 741/831/691 742/870/729 730/832/692
f 730/832/692 742/870/729 731/871/730
f 730/832/692 731/871/730 719/833/693
f 719/833/693 731/871/730 720/872/731
f 719/833/693 720/872/731 708/834/694
f 708/834/694 720/872/731 709/873/732
f 708/834/694 709/873/732 697/835/695
f 697/835/695 709/873/732 698/874/733
f 697/835/695 698/874/733 686/836/696
f 686/836/696 698/874/733 687/875/734
f 686/836/696 687/875/734 675/837/697
f 675/837/697 687/875/734 676/876/735
f 675/837/697 676/876/735 664/838/698
f 664/838/698 676/876/735 665/877/736
f 664/838/698 665/877/736 653/839/699
f 653/839/699 665/877/736 654/878/737
f 653/839/699 654/878/737 642/840/700
f 642/840/700 654/878/737 643/879/738
f 642/840/700 643/879/738 631/841/701
f 631/841/701 643/879/738 632/880/739
f 631/841/701 632/880/739 620/842/702
f 620/842/702 632/880/739 621/881/740
f 620/842/702 621/881/740 609/843/703
f 609/843/703 621/881/740 610/882/741
f 609/843/703 610/882/741 598/844/704
f 598/844/704 610/882/741 599/883/742
f 598/844/704 599/883/742 587/845/705
f 587/845/705 599/883/742 588/884/743
f 587/845/705 588/884/743 576/846/706
f 576/846/706 588/884/743 577/885/744
f 576/846/706 577/885/744 565/847/707
f 565/847/707 577/885/744 566/886/745
f 565/847/707 566/886/745 554/848/708
f 554/848/708 566/886/745 555/887/746
f 554/848/708 555/887/746 543/849/709
f 543/849/709 555/887/746 544/888/747
f 543/849/709 544/888/747 532/850/710
f 532/850/710 544/888/747 533/889/748
f 532/850/710 533/889/748 521/851/711
f 521/851/711 533/889/748 522/890/749
f 521/851/711 522/890/749 510/852/712
f 510/852/712 522/890/749 511/891/750
f 510/852/712 511/891/750 499/853/713
f 499/853/713 511/891/750 500/892/751
f 499/853/713 500/892/751 488/854/714
f 488/854/714 500/892/751 489/893/752
f 488/854/714 489/893/752 477/855/715
f 477/855/715 489/893/752 478/894/753
f 477/855/715 478/894/753 466/856/716
f 466/856/716 478/894/753 467/895/754
f 466/856/716 467/895/754 455/857/717
f 455/857/717 467/895/754 456/896/755
f 455/857/717 456/896/755 444/858/718
f 444/858/718 456/896/755 445/897/756
f 444/858/718 445/897/756 433/859/719
f 433/859/719 445/897/756 434/898/757
f 433/859/719 434/898/757 422/860/720
f 422/860/720 434/898/757 423/899/758
f 422/860/720 423/899/758 411/861/721
f 411/861/721 423/899/758 412/900/759
f 411/861/721 412/900/759 400/862/722
f 400/862/722 412/900/759 401/901/760
f 400/862/722 401/901/760 389/863/723
f 389/863/723 401/901/760 390/902/761
f 389/863/723 390/902/761 378/504/371
f 378/504/371 390/902/761 379/502/369
f 368/864/368 369/903/366 797/865/724
f 797/865/724 369/903/366 798/904/762
f 797/865/724 798/904/762 786/866/725
f 786/866/725 798/904/762 787/905/763
f 786/866/725 787/905/763 775/867/726
f 775/867/726 787/905/763 776/906/764
f 775/867/726 776/906/764 764/868/727
f 764/868/727 776/906/764 765/907/765
f 764/868/727 765/907/765 753/869/728
f 753/869/728 765/907/765 754/908/766
f 753/869/728 754/908/766 742/870/729
f 742/870/729 754/908/766 743/909/767
f 742/870/729 743/909/767 731/871/730
f 731/871/730 743/909/767 732/910/768
f 731/871/730 732/910/768 720/872/731
f 720/872/731 732/910/768 721/911/769
f 720/872/731 721/911/769 709/873/732
f 709/873/732 721/911/769 710/912/770
f 709/873/732 710/912/770 698/874/733
f 698/874/733 710/912/770 699/913/771
f 698/874/733 699/913/771 687/875/734
f 687/875/734 699/913/771 688/914/772
f 687/875/734 688/914/772 676/876/735
f 676/876/735 688/914/772 677/915/773
f 676/876/735 677/915/773 665/877/736
f 665/877/736 677/915/773 666/916/774
f 665/877/736 666/916/774 654/878/737
f 654/878/737 666/916/774 655/917/775
f 654/878/737 655/917/775 643/879/738
f 643/879/738 655/917/775 644/918/776
f 643/879/738 644/918/776 632/880/739
f 632/880/739 644/918/776 633/919/777
f 632/880/739 633/919/777 621/881/740
f 621/881/740 633/919/777 622/920/778
f 621/881/740 622/920/778 610/882/741
f 610/882/741 622/920/778 611/921/779
f 610/882/741 611/921/779 599/883/742
f 599/883/742 611/921/779 600/922/780
f 599/883/742 600/922/780 588/884/743
f 588/884/743 600/922/780 589/923/781
f 588/884/743 589/923/781 577/885/744
f 577/885/744 589/923/781 578/924/782
f 577/885/744 578/924/782 566/886/745
f 566/886/745 578/924/782 567/925/783
f 566/886/745 567/925/783 555/887/746
f 555/887/746 567/925/783 556/926/784
f 555/887/746 556/926/784 544/888/747
f 544/888/747 556/926/784 545/927/785
f 544/888/747 545/927/785 533/889/748
f 533/889/748 545/927/785 534/928/786
f 533/889/748 534/928/786 522/890/749
f 522/890/749 534/928/786 523/929/787
f 522/890/749 523/929/787 511/891/750
f 511/891/750 523/929/787 512/930/788
f 511/891/750 512/930/788 500/892/751
f 500/892/751 512/930/788 501/931/789
f 500/892/751 501/931/789 489/893/752
f 489/893/752 501/931/789 490/932/790
f 489/893/752 490/932/790 478/894/753
f 478/894/753 490/932/790 479/933/791
f 478/894/753 479/933/791 467/895/754
f 467/895/754 479/933/791 468/934/792
f 467/895/754 468/934/792 456/896/755
f 456/896/755 468/934/792 457/935/793
f 456/896/755 457/935/793 445/897/756
f 445/897/756 457/935/793 446/936/794
f 445/897/756 446/936/794 434/898/757
f 434/898/757 446/936/794 435/937/795
f 434/898/757 435/937/795 423/899/758
f 423/899/758 435/937/795 424/938/796
f 423/899/758 424/938/796 412/900/759
f 412/900/759 424/938/796 413/939/797
f 412/900/759 413/939/797 401/901/760
f 401/901/760 413/939/797 402/940/798
f 401/901/760 402/940/798 390/902/761
f 390/902/761 402/940/798 391/941/799
f 390/902/761 391/941/799 379/502/369
f 379/502/369 391/941/799 380/500/367
f 369/903/366 370/495/364 798/904/762
f 798/904/762 370/495/364 799/493/362
f 798/904/762 799/493/362 787/905/763
f 787/905/763 799/493/362 788/517/384
f 787/905/763 788/517/384 776/906/764
f 776/906/764 788/517/384 777/519/386
f 776/906/764 777/519/386 765/907/765
f 765/907/765 777/519/386 766/521/388
f 765/907/765 766/521/388 754/908/766
f 754/908/766 766/521/388 755/523/390
f 754/908/766 755/523/390 743/909/767
f 743/909/767 755/523/390 744/525/392
f 743/909/767 744/525/392 732/910/768
f 732/910/768 744/525/392 733/527/394
f 732/910/768 733/527/394 721/911/769
f 721/911/769 733/527/394 722/529/396
f 721/911/769 722/529/396 710/912/770
f 710/912/770 722/529/396 711/531/398
f 710/912/770 711/531/398 699/913/771
f 699/913/771 711/531/398 700/533/400
f 699/913/771 700/533/400 688/914/772
f 688/914/772 700/533/400 689/535/402
f 688/914/772 689/535/402 677/915/773
f 677/915/773 689/535/402 678/537/404
f 677/915/773 678/537/404 666/916/774
f 666/916/774 678/537/404 667/539/406
f 666/916/774 667/539/406 655/917/775
f 655/917/775 667/539/406 656/541/408
f 655/917/775 656/541/408 644/918/776
f 644/918/776 656/541/408 645/543/410
f 644/918/776 645/543/410 633/919/777
f 633/919/777 645/543/410 634/545/412
f 633/919/777 634/545/412 622/920/778
f 622/920/778 634/545/412 623/547/414
f 622/920/778 623/547/414 611/921/779
f 611/921/779 623/547/414 612/549/416
f 611/921/779 612/549/416 600/922/780
f 600/922/780 612/549/416 601/551/418
f 600/922/780 601/551/418 589/923/781
f 589/923/781 601/551/418 590/553/420
f 589/923/781 590/553/420 578/924/782
f 578/924/782 590/553/420 579/555/422
f 578/924/782 579/555/422 567/925/783
f 567/925/783 579/555/422 568/557/424
f 567/925/783 568/557/424 556/926/784
f 556/926/784 568/557/424 557/559/426
f 556/926/784 557/559/426 545/927/785
f 545/927/785 557/559/426 546/561/428
f 545/927/785 546/561/428 534/928/786
f 534/928/786 546/561/428 535/563/430
f 534/928/786 535/563/430 523/929/787
f 523/929/787 535/563/430 524/565/432
f 523/929/787 524/565/432 512/930/788
f 512/930/788 524/565/432 513/567/434
f 512/930/788 513/567/434 501/931/789
f 501/931/789 513/567/434 502/569/436
f 501/931/789 502/569/436 490/932/790
f 490/932/790 502/569/436 491/571/438
f 490/932/790 491/571/438 479/933/791
f 479/933/791 491/571/438 480/573/440
f 479/933/791 480/573/440 468/934/792
f 468/934/792 480/573/440 469/575/442
f 468/934/792 469/575/442 457/935/793
f 457/935/793 469/575/442 458/577/444
f 457/935/793 458/577/444 446/936/794
f 446/936/794 458/577/444 447/579/446
f 446/936/794 447/579/446 435/937/795
f 435/937/795 447/579/446 436/581/448
f 435/937/795 436/581/448 424/938/796
f 424/938/796 436/581/448 425/583/450
f 424/938/796 425/583/450 413/939/797
f 413/939/797 425/583/450 414/585/452
f 413/939/797 414/585/452 402/940/798
f 402/940/798 414/585/452 403/587/454
f 402/940/798 403/587/454 391/941/799
f 391/941/799 403/587/454 392/589/456
f 391/941/799 392/589/456 380/500/367
f 380/500/367 392/589/456 381/498/365
f 801/942/800 322/943/361 800/944/801
f 800/944/801 322/943/361 321/945/363
f 800/946/801 321/947/363 838/948/802
f 838/948/802 321/947/363 359/949/457
f 838/948/802 359/949/457 837/950/803
f 837/950/803 359/949/457 358/951/455
f 837/950/803 358/951/455 836/952/804
f 836/952/804 358/951/455 357/953/453
f 836/952/804 357/953/453 835/954/805
f 835/954/805 357/953/453 356/955/451
f 835/954/805 356/955/451 834/956/806
f 834/956/806 356/955/451 355/957/449
f 834/956/806 355/957/449 833/958/807
f 833/958/807 355/957/449 354/959/447
f 833/958/807 354/959/447 832/960/808
f 832/960/808 354/959/447 353/961/445
f 832/960/808 353/961/445 831/962/809
f 831/962/809 353/961/445 352/963/443
f 831/962/809 352/963/443 830/964/810
f 830/964/810 352/963/443 351/965/441
f 830/964/810 351/965/441 829/966/811
f 829/966/811 351/965/441 350/967/439
f 829/966/811 350/967/439 828/968/812
f 828/968/812 350/967/439 349/969/437
f 828/968/812 349/969/437 827/970/813
f 827/970/813 349/969/437 348/971/435
f 827/970/813 348/971/435 826/972/814
f 826/972/814 348/971/435 347/973/433
f 826/972/814 347/973/433 825/974/815
f 825/974/815 347/973/433 346/975/431
f 825/974/815 346/975/431 824/976/816
f 824/976/816 346/975/431 345/977/429
f 824/976/816 345/977/429 823/978/817
f 823/978/817 345/977/429 344/979/427
f 823/978/817 344/979/427 822/980/818
f 822/980/818 344/979/427 343/981/425
f 822/980/818 343/981/425 821/982/819
f 821/982/819 343/981/425 342/983/423
f 821/982/819 342/983/423 820/984/820
f 820/984/820 342/983/423 341/985/421
f 820/984/820 341/985/421 819/986/821
f 819/986/821 341/985/421 340/987/419
f 819/986/821 340/987/419 818/988/822
f 818/988/822 340/987/419 339/989/417
f 818/988/822 339/989/417 817/990/823
f 817/990/823 339/989/417 338/991/415
f 817/990/823 338/991/415 816/992/824
f 816/992/824 338/991/415 337/993/413
f 816/992/824 337/993/413 815/994/825
f 815/994/825 337/993/413 336/995/411
f 815/994/825 336/995/411 814/996/826
f 814/996/826 336/995/411 335/997/409
f 814/996/826 335/997/409 813/998/827
f 813/998/827 335/997/409 334/999/407
f 813/998/827 334/999/407 812/1000/828
f 812/1000/828 334/999/407 333/1001/405
f 812/1000/828 333/1001/405 811/1002/829
f 811/1002/829 333/1001/405 332/1003/403
f 811/1002/829 332/1003/403 810/1004/830
f 810/1004/830 332/1003/403 331/1005/401
f 810/1004/830 331/1005/401 809/1006/831
f 809/1006/831 331/1005/401 330/1007/399
f 809/1006/831 330/1007/399 808/1008/832
f 808/1008/832 330/1007/399 329/1009/397
f 808/1008/832 329/1009/397 807/1010/833
f 807/1010/833 329/1009/397 328/1011/395
f 807/1010/833 328/1011/395 806/1012/834
f 806/1012/834 328/1011/395 327/1013/393
f 806/1012/834 327/1013/393 805/1014/835
f 805/1014/835 327/1013/393 326/1015/391
f 805/1014/835 326/1015/391 804/1016/836
f 804/1016/836 326/1015/391 325/1017/389
f 804/1016/836 325/1017/389 803/1018/837
f 803/1018/837 325/1017/389 324/1019/387
f 803/1018/837 324/1019/387 802/1020/838
f 802/1020/838 324/1019/387 323/1021/385
f 802/1020/838 323/1021/385 801/942/800
f 801/942/800 323/1021/385 322/943/361
f 840/1022/839 876/1023/840 839/1024/841
f 839/1024/841 876/1023/840 889/1025/842
f 839/1024/841 889/1025/842 867/1026/843
f 867/1026/843 889/1025/842 1065/1027/844
f 867/1026/843 1065/1027/844 866/1028/845
f 866/1028/845 1065/1027/844 1058/1029/846
f 866/1028/845 1058/1029/846 865/1030/847
f 865/1030/847 1058/1029/846 1051/1031/848
f 865/1030/847 1051/1031/848 864/1032/849
f 864/1032/849 1051/1031/848 1044/1033/850
f 864/1032/849 1044/1033/850 863/1034/851
f 863/1034/851 1044/1033/850 1037/1035/852
f 863/1034/851 1037/1035/852 862/1036/853
f 862/1036/853 1037/1035/852 1030/1037/854
f 862/1036/853 1030/1037/854 861/1038/855
f 861/1038/855 1030/1037/854 1023/1039/856
f 861/1038/855 1023/1039/856 860/1040/857
f 860/1040/857 1023/1039/856 1016/1041/858
f 860/1040/857 1016/1041/858 859/1042/859
f 859/1042/859 1016/1041/858 1009/1043/860
f 859/1042/859 1009/1043/860 858/1044/861
f 858/1044/861 1009/1043/860 1002/1045/862
f 858/1044/861 1002/1045/862 857/1046/863
f 857/1046/863 1002/1045/862 995/1047/864
f 857/1046/863 995/1047/864 856/1048/865
f 856/1048/865 995/1047/864 988/1049/866
f 856/1048/865 988/1049/866 855/1050/867
f 855/1050/867 988/1049/866 981/1051/868
f 855/1050/867 981/1051/868 854/1052/869
f 854/1052/869 981/1051/868 869/1053/870
f 854/1052/869 869/1053/870 853/1054/871
f 853/1055/871 869/1056/870 974/1057/872
f 853/1055/871 974/1057/872 852/1058/873
f 852/1058/873 974/1057/872 967/1059/874
f 852/1058/873 967/1059/874 851/1060/875
f 851/1060/875 967/1059/874 960/1061/876
f 851/1060/875 960/1061/876 850/1062/877
f 850/1062/877 960/1061/876 953/1063/878
f 850/1062/877 953/1063/878 849/1064/879
f 849/1064/879 953/1063/878 946/1065/880
f 849/1064/879 946/1065/880 848/1066/881
f 848/1066/881 946/1065/880 939/1067/882
f 848/1066/881 939/1067/882 847/1068/883
f 847/1068/883 939/1067/882 932/1069/884
f 847/1068/883 932/1069/884 846/1070/885
f 846/1070/885 932/1069/884 925/1071/886
f 846/1070/885 925/1071/886 845/1072/887
f 845/1072/887 925/1071/886 918/1073/888
f 845/1072/887 918/1073/888 844/1074/889
f 844/1074/889 918/1073/888 911/1075/890
f 844/1074/889 911/1075/890 843/1076/891
f 843/1076/891 911/1075/890 904/1077/892
f 843/1076/891 904/1077/892 842/1078/893
f 842/1078/893 904/1077/892 897/1079/894
f 842/1078/893 897/1079/894 841/1080/895
f 841/1080/895 897/1079/894 890/1081/896
f 841/1080/895 890/1081/896 840/1022/839
f 840/1022/839 890/1081/896 876/1023/840
f 875/1082/897 868/1083/898 980/1084/899
f 980/1084/899 868/1085/898 973/1086/900
f 973/1086/900 868/1087/898 966/1088/901
f 966/1088/901 868/1089/898 959/1090/902
f 959/1090/902 868/1091/898 952/1092/903
f 952/1092/903 868/1093/898 945/1094/904
f 945/1094/904 868/1095/898 938/1096/905
f 938/1096/905 868/1097/898 931/1098/906
f 931/1098/906 868/1099/898 924/1100/907
f 924/1100/907 868/1101/898 917/1102/908
f 910/1103/909 868/1104/898 903/1105/910
f 903/1105/910 868/1106/898 896/1107/911
f 896/1107/911 868/1108/898 882/1109/912
f 882/1109/912 868/1110/898 883/1111/913
f 883/1111/913 868/1112/898 1071/1113/914
f 1071/1113/914 868/1114/898 1064/1115/915
f 1064/1115/915 868/1116/898 1057/1117/916
f 1057/1117/916 868/1118/898 1050/1119/917
f 1050/1119/917 868/1120/898 1043/1121/918
f 1036/1122/919 868/1123/898 1029/1124/920
f 1029/1124/920 868/1125/898 1022/1126/921
f 1022/1126/921 868/1127/898 1015/1128/922
f 1015/1128/922 868/1129/898 1008/1130/923
f 1008/1130/923 868/1131/898 1001/1132/924
f 1001/1132/924 868/1133/898 994/1134/925
f 994/1134/925 868/1135/898 987/1136/926
f 987/1136/926 868/1137/898 875/1138/897
f 869/1056/870 870/1139/927 974/1057/872
f 974/1057/872 870/1139/927 975/1140/928
f 974/1057/872 975/1140/928 967/1059/874
f 967/1059/874 975/1140/928 968/1141/929
f 967/1059/874 968/1141/929 960/1061/876
f 960/1061/876 968/1141/929 961/1142/930
f 960/1061/876 961/1142/930 953/1063/878
f 953/1063/878 961/1142/930 954/1143/931
f 953/1063/878 954/1143/931 946/1065/880
f 946/1065/880 954/1143/931 947/1144/932
f 946/1065/880 947/1144/932 939/1067/882
f 939/1067/882 947/1144/932 940/1145/933
f 939/1067/882 940/1145/933 932/1069/884
f 932/1069/884 940/1145/933 933/1146/934
f 932/1069/884 933/1146/934 925/1071/886
f 925/1071/886 933/1146/934 926/1147/935
f 925/1071/886 926/1147/935 918/1073/888
f 918/1073/888 926/1147/935 919/1148/936
f 918/1073/888 919/1148/936 911/1075/890
f 911/1075/890 919/1148/936 912/1149/937
f 911/1075/890 912/1149/937 904/1077/892
f 904/1077/892 912/1149/937 905/1150/938
f 904/1077/892 905/1150/938 897/1079/894
f 897/1079/894 905/1150/938 898/1151/939
f 897/1079/894 898/1151/939 890/1081/896
f 890/1081/896 898/1151/939 891/1152/940
f 890/1081/896 891/1152/940 876/1023/840
f 876/1023/840 891/1152/940 877/1153/941
f 876/1023/840 877/1153/941 889/1025/842
f 889/1025/842 877/1153/941 888/1154/942
f 889/1025/842 888/1154/942 1065/1027/844
f 1065/1027/844 888/1154/942 1066/1155/943
f 1065/1027/844 1066/1155/943 1058/1029/846
f 1058/1029/846 1066/1155/943 1059/1156/944
f 1058/1029/846 1059/1156/944 1051/1031/848
f 1051/1031/848 1059/1156/944 1052/1157/945
f 1051/1031/848 1052/1157/945 1044/1033/850
f 1044/1033/850 1052/1157/945 1045/1158/946
f 1044/1033/850 1045/1158/946 1037/1035/852
f 1037/1035/852 1045/1158/946 1038/1159/947
f 1037/1035/852 1038/1159/947 1030/1037/854
f 1030/1037/854 1038/1159/947 1031/1160/948
f 1030/1037/854 1031/1160/948 1023/1039/856
f 1023/1039/856 1031/1160/948 1024/1161/949
f 1023/1039/856 1024/1161/949 1016/1041/858
f 1016/1041/858 1024/1161/949 1017/1162/950
f 1016/1041/858 1017/1162/950 1009/1043/860
f 1009/1043/860 1017/1162/950 1010/1163/951
f 1009/1043/860 1010/1163/951 1002/1045/862
f 1002/1045/862 1010/1163/951 1003/1164/952
f 1002/1045/862 1003/1164/952 995/1047/864
f 995/1047/864 1003/1164/952 996/1165/953
f 995/1047/864 996/1165/953 988/1049/866
f 988/1049/866 996/1165/953 989/1166/954
f 988/1049/866 989/1166/954 981/1051/868
f 981/1051/868 989/1166/954 982/1167/955
f 981/1051/868 982/1167/955 869/1053/870
f 869/1053/870 982/1167/955 870/1168/927
f 870/1139/927 871/1169/956 975/1140/928
f 975/1140/928 871/1169/956 976/1170/957
f 975/1140/928 976/1170/957 968/1141/929
f 968/1141/929 976/1170/957 969/1171/958
f 968/1141/929 969/1171/958 961/1142/930
f 961/1142/930 969/1171/958 962/1172/959
f 961/1142/930 962/1172/959 954/1143/931
f 954/1143/931 962/1172/959 955/1173/960
f 954/1143/931 955/1173/960 947/1144/932
f 947/1144/932 955/1173/960 948/1174/961
f 947/1144/932 948/1174/961 940/1145/933
f 940/1145/933 948/1174/961 941/1175/962
f 940/1145/933 941/1175/962 933/1146/934
f 933/1146/934 941/1175/962 934/1176/963
f 933/1146/934 934/1176/963 926/1147/935
f 926/1147/935 934/1176/963 927/1177/964
f 926/1147/935 927/1177/964 919/1148/936
f 919/1148/936 927/1177/964 920/1178/965
f 919/1148/936 920/1178/965 912/1149/937
f 912/1149/937 920/1178/965 913/1179/966
f 912/1149/937 913/1179/966 905/1150/938
f 905/1150/938 913/1179/966 906/1180/967
f 905/1150/938 906/1180/967 898/1151/939
f 898/1151/939 906/1180/967 899/1181/968
f 898/1151/939 899/1181/968 891/1152/940
f 891/1152/940 899/1181/968 892/1182/969
f 891/1152/940 892/1182/969 877/1153/941
f 877/1153/941 892/1182/969 878/1183/970
f 877/1153/941 878/1183/970 888/1154/942
f 888/1154/942 878/1183/970 887/1184/971
f 888/1154/942 887/1184/971 1066/1155/943
f 1066/1155/943 887/1184/971 1067/1185/972
f 1066/1155/943 1067/1185/972 1059/1156/944
f 1059/1156/944 1067/1185/972 1060/1186/973
f 1059/1156/944 1060/1186/973 1052/1157/945
f 1052/1157/945 1060/1186/973 1053/1187/974
f 1052/1157/945 1053/1187/974 1045/1158/946
f 1045/1158/946 1053/1187/974 1046/1188/975
f 1045/1158/946 1046/1188/975 1038/1159/947
f 1038/1159/947 1046/1188/975 1039/1189/976
f 1038/1159/947 1039/1189/976 1031/1160/948
f 1031/1160/948 1039/1189/976 1032/1190/977
f 1031/1160/948 1032/1190/977 1024/1161/949
f 1024/1161/949 1032/1190/977 1025/1191/978
f 1024/1161/949 1025/1191/978 1017/1162/950
f 1017/1162/950 1025/1191/978 1018/1192/979
f 1017/1162/950 1018/1192/979 1010/1163/951
f 1010/1163/951 1018/1192/979 1011/1193/980
f 1010/1163/951 1011/1193/980 1003/1164/952
f 1003/1164/952 1011/1193/980 1004/1194/981
f 1003/1164/952 1004/1194/981 996/1165/953
f 996/1165/953 1004/1194/981 997/1195/982
f 996/1165/953 997/1195/982 989/1166/954
f 989/1166/954 997/1195/982 990/1196/983
f 989/1166/954 990/1196/983 982/1167/955
f 982/1167/955 990/1196/983 983/1197/984
f 982/1167/955 983/1197/984 870/1168/927
f 870/1168/927 983/1197/984 871/1198/956
f 871/1169/956 872/1199/985 976/1170/957
f 976/1170/957 872/1199/985 977/1200/986
f 976/1170/957 977/1200/986 969/1171/958
f 969/1171/958 977/1200/986 970/1201/987
f 969/1171/958 970/1201/987 962/1172/959
f 962/1172/959 970/1201/987 963/1202/988
f 962/1172/959 963/1202/988 955/1173/960
f 955/1173/960 963/1202/988 956/1203/989
f 955/1173/960 956/1203/989 948/1174/961
f 948/1174/961 956/1203/989 949/1204/990
f 948/1174/961 949/1204/990 941/1175/962
f 941/1175/962 949/1204/990 942/1205/991
f 941/1175/962 942/1205/991 934/1176/963
f 934/1176/963 942/1205/991 935/1206/992
f 934/1176/963 935/1206/992 927/1177/964
f 927/1177/964 935/1206/992 928/1207/993
f 927/1177/964 928/1207/993 920/1178/965
f 920/1178/965 928/1207/993 921/1208/994
f 920/1178/965 921/1208/994 913/1179/966
f 913/1179/966 921/1208/994 914/1209/995
f 913/1179/966 914/1209/995 906/1180/967
f 906/1180/967 914/1209/995 907/1210/996
f 906/1180/967 907/1210/996 899/1181/968
f 899/1181/968 907/1210/996 900/1211/997
f 899/1181/968 900/1211/997 892/1182/969
f 892/1182/969 900/1211/997 893/1212/998
f 892/1182/969 893/1212/998 878/1183/970
f 878/1183/970 893/1212/998 879/1213/999
f 878/1183/970 879/1213/999 887/1184/971
f 887/1184/971 879/1213/999 886/1214/1000
f 887/1184/971 886/1214/1000 1067/1185/972
f 1067/1185/972 886/1214/1000 1068/1215/1001
f 1067/1185/972 1068/1215/1001 1060/1186/973
f 1060/1186/973 1068/1215/1001 1061/1216/1002
f 1060/1186/973 1061/1216/1002 1053/1187/974
f 1053/1187/974 1061/1216/1002 1054/1217/1003
f 1053/1187/974 1054/1217/1003 1046/1188/975
f 1046/1188/975 1054/1217/1003 1047/1218/1004
f 1046/1188/975 1047/1218/1004 1039/1189/976
f 1039/1189/976 1047/1218/1004 1040/1219/1005
f 1039/1189/976 1040/1219/1005 1032/1190/977
f 1032/1190/977 1040/1219/1005 1033/1220/1006
f 1032/1190/977 1033/1220/1006 1025/1191/978
f 1025/1191/978 1033/1220/1006 1026/1221/1007
f 1025/1191/978 1026/1221/1007 1018/1192/979
f 1018/1192/979 1026/1221/1007 1019/1222/1008
f 1018/1192/979 1019/1222/1008 1011/1193/980
f 1011/1193/980 1019/1222/1008 1012/1223/1009
f 1011/1193/980 1012/1223/1009 1004/1194/981
f 1004/1194/981 1012/1223/1009 1005/1224/1010
f 1004/1194/981 1005/1224/1010 997/1195/982
f 997/1195/982 1005/1224/1010 998/1225/1011
f 997/1195/982 998/1225/1011 990/1196/983
f 990/1196/983 998/1225/1011 991/1226/1012
f 990/1196/983 991/1226/1012 983/1197/984
f 983/1197/984 991/1226/1012 984/1227/1013
f 983/1197/984 984/1227/1013 871/1198/956
f 871/1198/956 984/1227/1013 872/1228/985
f 872/1199/985 873/1229/1014 977/1200/986
f 977/1200/986 873/1229/1014 978/1230/1015
f 977/1200/986 978/1230/1015 970/1201/987
f 970/1201/987 978/1230/1015 971/1231/1016
f 970/1201/987 971/1231/1016 963/1202/988
f 963/1202/988 971/1231/1016 964/1232/1017
f 963/1202/988 964/1232/1017 956/1203/989
f 956/1203/989 964/1232/1017 957/1233/1018
f 956/1203/989 957/1233/1018 949/1204/990
f 949/1204/990 957/1233/1018 950/1234/1019
f 949/1204/990 950/1234/1019 942/1205/991
f 942/1205/991 950/1234/1019 943/1235/1020
f 942/1205/991 943/1235/1020 935/1206/992
f 935/1206/992 943/1235/1020 936/1236/1021
f 935/1206/992 936/1236/1021 928/1207/993
f 928/1207/993 936/1236/1021 929/1237/1022
f 928/1207/993 929/1237/1022 921/1208/994
f 921/1208/994 929/1237/1022 922/1238/1023
f 921/1208/994 922/1238/1023 914/1209/995
f 914/1209/995 922/1238/1023 915/1239/1024
f 914/1209/995 915/1239/1024 907/1210/996
f 907/1210/996 915/1239/1024 908/1240/1025
f 907/1210/996 908/1240/1025 900/1211/997
f 900/1211/997 908/1240/1025 901/1241/1026
f 900/1211/997 901/1241/1026 893/1212/998
f 893/1212/998 901/1241/1026 894/1242/1027
f 893/1212/998 894/1242/1027 879/1213/999
f 879/1213/999 894/1242/1027 880/1243/1028
f 879/1213/999 880/1243/1028 886/1214/1000
f 886/1214/1000 880/1243/1028 885/1244/1029
f 886/1214/1000 885/1244/1029 1068/1215/1001
f 1068/1215/1001 885/1244/1029 1069/1245/1030
f 1068/1215/1001 1069/1245/1030 1061/1216/1002
f 1061/1216/1002 1069/1245/1030 1062/1246/1031
f 1061/1216/1002 1062/1246/1031 1054/1217/1003
f 1054/1217/1003 1062/1246/1031 1055/1247/1032
f 1054/1217/1003 1055/1247/1032 1047/1218/1004
f 1047/1218/1004 1055/1247/1032 1048/1248/1033
f 1047/1218/1004 1048/1248/1033 1040/1219/1005
f 1040/1219/1005 1048/1248/1033 1041/1249/1034
f 1040/1219/1005 1041/1249/1034 1033/1220/1006
f 1033/1220/1006 1041/1249/1034 1034/1250/1035
f 1033/1220/1006 1034/1250/1035 1026/1221/1007
f 1026/1221/1007 1034/1250/1035 1027/1251/1036
f 1026/1221/1007 1027/1251/1036 1019/1222/1008
f 1019/1222/1008 1027/1251/1036 1020/1252/1037
f 1019/1222/1008 1020/1252/1037 1012/1223/1009
f 1012/1223/1009 1020/1252/1037 1013/1253/1038
f 1012/1223/1009 1013/1253/1038 1005/1224/1010
f 1005/1224/1010 1013/1253/1038 1006/1254/1039
f 1005/1224/1010 1006/1254/1039 998/1225/1011
f 998/1225/1011 1006/1254/1039 999/1255/1040
f 998/1225/1011 999/1255/1040 991/1226/1012
f 991/1226/1012 999/1255/1040 992/1256/1041
f 991/1226/1012 992/1256/1041 984/1227/1013
f 984/1227/1013 992/1256/1041 985/1257/1042
f 984/1227/1013 985/1257/1042 872/1228/985
f 872/1228/985 985/1257/1042 873/1258/1014
f 873/1229/1014 874/1259/1043 978/1230/1015
f 978/1230/1015 874/1259/1043 979/1260/1044
f 978/1230/1015 979/1260/1044 971/1231/1016
f 971/1231/1016 979/1260/1044 972/1261/1045
f 971/1231/1016 972/1261/1045 964/1232/1017
f 964/1232/1017 972/1261/1045 965/1262/1046
f 964/1232/1017 965/1262/1046 957/1233/1018
f 957/1233/1018 965/1262/1046 958/1263/1047
f 957/1233/1018 958/1263/1047 950/1234/1019
f 950/1234/1019 958/1263/1047 951/1264/1048
f 950/1234/1019 951/1264/1048 943/1235/1020
f 943/1235/1020 951/1264/1048 944/1265/1049
f 943/1235/1020 944/1265/1049 936/1236/1021
f 936/1236/1021 944/1265/1049 937/1266/1050
f 936/1236/1021 937/1266/1050 929/1237/1022
f 929/1237/1022 937/1266/1050 930/1267/1051
f 929/1237/1022 930/1267/1051 922/1238/1023
f 922/1238/1023 930/1267/1051 923/1268/1052
f 922/1238/1023 923/1268/1052 915/1239/1024
f 915/1239/1024 923/1268/1052 916/1269/1053
f 915/1239/1024 916/1269/1053 908/1240/1025
f 908/1240/1025 916/1269/1053 909/1270/1054
f 908/1240/1025 909/1270/1054 901/1241/1026
f 901/1241/1026 909/1270/1054 902/1271/1055
f 901/1241/1026 902/1271/1055 894/1242/1027
f 894/1242/1027 902/1271/1055 895/1272/1056
f 894/1242/1027 895/1272/1056 880/1243/1028
f 880/1243/1028 895/1272/1056 881/1273/1057
f 880/1243/1028 881/1273/1057 885/1244/1029
f 885/1244/1029 881/1273/1057 884/1274/1058
f 885/1244/1029 884/1274/1058 1069/1245/1030
f 1069/1245/1030 884/1274/1058 1070/1275/1059
f 1069/1245/1030 1070/1275/1059 1062/1246/1031
f 1062/1246/1031 1070/1275/1059 1063/1276/1060
f 1062/1246/1031 1063/1276/1060 1055/1247/1032
f 1055/1247/1032 1063/1276/1060 1056/1277/1061
f 1055/1247/1032 1056/1277/1061 1048/1248/1033
f 1048/1248/1033 1056/1277/1061 1049/1278/1062
f 1048/1248/1033 1049/1278/1062 1041/1249/1034
f 1041/1249/1034 1049/1278/1062 1042/1279/1063
f 1041/1249/1034 1042/1279/1063 1034/1250/1035
f 1034/1250/1035 1042/1279/1063 1035/1280/1064
f 1034/1250/1035 1035/1280/1064 1027/1251/1036
f 1027/1251/1036 1035/1280/1064 1028/1281/1065
f 1027/1251/1036 1028/1281/1065 1020/1252/1037
f 1020/1252/1037 1028/1281/1065 1021/1282/1066
f 1020/1252/1037 1021/1282/1066 1013/1253/1038
f 1013/1253/1038 1021/1282/1066 1014/1283/1067
f 1013/1253/1038 1014/1283/1067 1006/1254/1039
f 1006/1254/1039 1014/1283/1067 1007/1284/1068
f 1006/1254/1039 1007/1284/1068 999/1255/1040
f 999/1255/1040 1007/1284/1068 1000/1285/1069
f 999/1255/1040 1000/1285/1069 992/1256/1041
f 992/1256/1041 1000/1285/1069 993/1286/1070
f 992/1256/1041 993/1286/1070 985/1257/1042
f 985/1257/1042 993/1286/1070 986/1287/1071
f 985/1257/1042 986/1287/1071 873/1258/1014
f 873/1258/1014 986/1287/1071 874/1288/1043
f 874/1259/1043 875/1082/897 979/1260/1044
f 979/1260/1044 875/1082/897 980/1084/899
f 979/1260/1044 980/1084/899 972/1261/1045
f 972/1261/1045 980/1084/899 973/1086/900
f 972/1261/1045 973/1086/900 965/1262/1046
f 965/1262/1046 973/1086/900 966/1088/901
f 965/1262/1046 966/1088/901 958/1263/1047
f 958/1263/1047 966/1088/901 959/1090/902
f 958/1263/1047 959/1090/902 951/1264/1048
f 951/1264/1048 959/1090/902 952/1092/903
f 951/1264/1048 952/1092/903 944/1265/1049
f 944/1265/1049 952/1092/903 945/1094/904
f 944/1265/1049 945/1094/904 937/1266/1050
f 937/1266/1050 945/1094/904 938/1096/905
f 937/1266/1050 938/1096/905 930/1267/1051
f 930/1267/1051 938/1096/905 931/1098/906
f 930/1267/1051 931/1098/906 923/1268/1052
f 923/1268/1052 931/1098/906 924/1100/907
f 923/1268/1052 924/1100/907 916/1269/1053
f 916/1269/1053 924/1100/907 917/1102/908
f 916/1269/1053 917/1102/908 909/1270/1054
f 909/1270/1054 917/1102/908 910/1103/909
f 909/1270/1054 910/1103/909 902/1271/1055
f 902/1271/1055 910/1103/909 903/1105/910
f 902/1271/1055 903/1105/910 895/1272/1056
f 895/1272/1056 903/1105/910 896/1107/911
f 895/1272/1056 896/1107/911 881/1273/1057
f 881/1273/1057 896/1107/911 882/1109/912
f 881/1273/1057 882/1109/912 884/1274/1058
f 884/1274/1058 882/1109/912 883/1111/913
f 884/1274/1058 883/1111/913 1070/1275/1059
f 1070/1275/1059 883/1111/913 1071/1113/914
f 1070/1275/1059 1071/1113/914 1063/1276/1060
f 1063/1276/1060 1071/1113/914 1064/1115/915
f 1063/1276/1060 1064/1115/915 1056/1277/1061
f 1056/1277/1061 1064/1115/915 1057/1117/916
f 1056/1277/1061 1057/1117/916 1049/1278/1062
f 1049/1278/1062 1057/1117/916 1050/1119/917
f 1049/1278/1062 1050/1119/917 1042/1279/1063
f 1042/1279/1063 1050/1119/917 1043/1121/918
f 1042/1279/1063 1043/1121/918 1035/1280/1064
f 1035/1280/1064 1043/1121/918 1036/1122/919
f 1035/1280/1064 1036/1122/919 1028/1281/1065
f 1028/1281/1065 1036/1122/919 1029/1124/920
f 1028/1281/1065 1029/1124/920 1021/1282/1066
f 1021/1282/1066 1029/1124/920 1022/1126/921
f 1021/1282/1066 1022/1126/921 1014/1283/1067
f 1014/1283/1067 1022/1126/921 1015/1128/922
f 1014/1283/1067 1015/1128/922 1007/1284/1068
f 1007/1284/1068 1015/1128/922 1008/1130/923
f 1007/1284/1068 1008/1130/923 1000/1285/1069
f 1000/1285/1069 1008/1130/923 1001/1132/924
f 1000/1285/1069 1001/1132/924 993/1286/1070
f 993/1286/1070 1001/1132/924 994/1134/925
f 993/1286/1070 994/1134/925 986/1287/1071
f 986/1287/1071 994/1134/925 987/1136/926
f 986/1287/1071 987/1136/926 874/1288/1043
f 874/1288/1043 987/1136/926 875/1138/897
f 868/1289/898 910/1103/909 917/1102/908
f 868/1290/898 1036/1122/919 1043/1121/918
f 1073/1291/1072 840/1292/839 1072/1293/1073
f 1072/1293/1073 840/1292/839 839/1294/841
f 1072/1295/1073 839/1296/841 1100/1297/1074
f 1100/1297/1074 839/1296/841 867/1298/843
f 1100/1297/1074 867/1298/843 1099/1299/1075
f 1099/1299/1075 867/1298/843 866/1300/845
f 1099/1299/1075 866/1300/845 1098/1301/1076
f 1098/1301/1076 866/1300/845 865/1302/847
f 1098/1301/1076 865/1302/847 1097/1303/1077
f 1097/1303/1077 865/1302/847 864/1304/849
f 1097/1303/1077 864/1304/849 1096/1305/1078
f 1096/1305/1078 864/1304/849 863/1306/851
f 1096/1305/1078 863/1306/851 1095/1307/1079
f 1095/1307/1079 863/1306/851 862/1308/853
f 1095/1307/1079 862/1308/853 1094/1309/1080
f 1094/1309/1080 862/1308/853 861/1310/855
f 1094/1309/1080 861/1310/855 1093/1311/1081
f 1093/1311/1081 861/1310/855 860/1312/857
f 1093/1311/1081 860/1312/857 1092/1313/1082
f 1092/1313/1082 860/1312/857 859/1314/859
f 1092/1313/1082 859/1314/859 1091/1315/1083
f 1091/1315/1083 859/1314/859 858/1316/861
f 1091/1315/1083 858/1316/861 1090/1317/1084
f 1090/1317/1084 858/1316/861 857/1318/863
f 1090/1317/1084 857/1318/863 1089/1319/1085
f 1089/1319/1085 857/1318/863 856/1320/865
f 1089/1319/1085 856/1320/865 1088/1321/1086
f 1088/1321/1086 856/1320/865 855/1322/867
f 1088/1321/1086 855/1322/867 1087/1323/1087
f 1087/1323/1087 855/1322/867 854/1324/869
f 1087/1323/1087 854/1324/869 1086/1325/1088
f 1086/1325/1088 854/1324/869 853/1326/871
f 1086/1325/1088 853/1326/871 1085/1327/1089
f 1085/1327/1089 853/1326/871 852/1328/873
f 1085/1327/1089 852/1328/873 1084/1329/1090
f 1084/1329/1090 852/1328/873 851/1330/875
f 1084/1329/1090 851/1330/875 1083/1331/1091
f 1083/1331/1091 851/1330/875 850/1332/877
f 1083/1331/1091 850/1332/877 1082/1333/1092
f 1082/1333/1092 850/1332/877 849/1334/879
f 1082/1333/1092 849/1334/879 1081/1335/1093
f 1081/1335/1093 849/1334/879 848/1336/881
f 1081/1335/1093 848/1336/881 1080/1337/1094
f 1080/1337/1094 848/1336/881 847/1338/883
f 1080/1337/1094 847/1338/883 1079/1339/1095
f 1079/1339/1095 847/1338/883 846/1340/885
f 1079/1339/1095 846/1340/885 1078/1341/1096
f 1078/1341/1096 846/1340/885 845/1342/887
f 1078/1341/1096 845/1342/887 1077/1343/1097
f 1077/1343/1097 845/1342/887 844/1344/889
f 1077/1343/1097 844/1344/889 1076/1345/1098
f 1076/1345/1098 844/1344/889 843/1346/891
f 1076/1345/1098 843/1346/891 1075/1347/1099
f 1075/1347/1099 843/1346/891 842/1348/893
f 1075/1347/1099 842/1348/893 1074/1349/1100
f 1074/1349/1100 842/1348/893 841/1350/895
f 1074/1349/1100 841/1350/895 1073/1291/1072
f 1073/1291/1072 841/1350/895 840/1292/839
f 1100/1351/1101 801/1352/1102 1072/1353/1103
f 1072/1353/1103 801/1352/1102 800/1354/1104
f 1072/1353/1103 800/1354/1104 838/1355/1105
f 801/1352/1102 1100/1351/1101 802/1356/1106
f 802/1356/1106 1100/1351/1101 1099/1357/1107
f 802/1356/1106 1099/1357/1107 803/1358/1108
f 803/1358/1108 1099/1357/1107 1098/1359/1109
f 803/1358/1108 1098/1359/1109 804/1360/1110
f 804/1360/1110 1098/1359/1109 805/1361/1111
f 805/1361/1111 1098/1359/1109 1097/1362/1112
f 805/1361/1111 1097/1362/1112 806/1363/1113
f 806/1363/1113 1097/1362/1112 1096/1364/1114
f 806/1363/1113 1096/1364/1114 807/1365/1115
f 807/1365/1115 1096/1364/1114 1095/1366/1116
f 807/1365/1115 1095/1366/1116 808/1367/1117
f 808/1367/1117 1095/1366/1116 809/1368/1118
f 809/1368/1118 1095/1366/1116 1094/1369/1119
f 809/1368/1118 1094/1369/1119 810/1370/1120
f 810/1370/1120 1094/1369/1119 1093/1371/1121
f 810/1370/1120 1093/1371/1121 811/1372/1122
f 811/1372/1122 1093/1371/1121 1092/1373/1123
f 811/1372/1122 1092/1373/1123 812/1374/1124
f 812/1374/1124 1092/1373/1123 813/1375/1125
f 813/1375/1125 1092/1373/1123 1091/1376/1126
f 813/1375/1125 1091/1376/1126 814/1377/1127
f 814/1377/1127 1091/1376/1126 1090/1378/1128
f 814/1377/1127 1090/1378/1128 815/1379/1129
f 815/1379/1129 1090/1378/1128 1089/1380/1130
f 815/1379/1129 1089/1380/1130 816/1381/1131
f 816/1381/1131 1089/1380/1130 817/1382/1132
f 817/1382/1132 1089/1380/1130 1088/1383/1133
f 817/1382/1132 1088/1383/1133 818/1384/1134
f 818/1384/1134 1088/1383/1133 1087/1385/1135
f 818/1384/1134 1087/1385/1135 819/1386/1136
f 819/1386/1136 1087/1385/1135 1086/1387/1137
f 819/1386/1136 1086/1387/1137 820/1388/1138
f 820/1388/1138 1086/1387/1137 821/1389/1139
f 821/1389/1139 1086/1387/1137 1085/1390/1140
f 821/1389/1139 1085/1390/1140 822/1391/1141
f 822/1391/1141 1085/1390/1140 1084/1392/1142
f 822/1391/1141 1084/1392/1142 823/1393/1143
f 823/1393/1143 1084/1392/1142 824/1394/1144
f 824/1394/1144 1084/1392/1142 1083/1395/1145
f 824/1394/1144 1083/1395/1145 825/1396/1146
f 825/1396/1146 1083/1395/1145 1082/1397/1147
f 825/1396/1146 1082/1397/1147 826/1398/1148
f 826/1398/1148 1082/1397/1147 1081/1399/1149
f 826/1398/1148 1081/1399/1149 827/1400/1150
f 827/1400/1150 1081/1399/1149 828/1401/1151
f 828/1401/1151 1081/1399/1149 1080/1402/1152
f 828/1401/1151 1080/1402/1152 829/1403/1153
f 829/1403/1153 1080/1402/1152 1079/1404/1154
f 829/1403/1153 1079/1404/1154 830/1405/1155
f 830/1405/1155 1079/1404/1154 1078/1406/1156
f 830/1405/1155 1078/1406/1156 831/1407/1157
f 831/1407/1157 1078/1406/1156 832/1408/1158
f 832/1408/1158 1078/1406/1156 1077/1409/1159
f 832/1408/1158 1077/1409/1159 833/1410/1160
f 833/1410/1160 1077/1409/1159 1076/1411/1161
f 833/1410/1160 1076/1411/1161 834/1412/1162
f 834/1412/1162 1076/1411/1161 1075/1413/1163
f 834/1412/1162 1075/1413/1163 835/1414/1164
f 835/1414/1164 1075/1413/1163 836/1415/1165
f 836/1415/1165 1075/1413/1163 1074/1416/1166
f 836/1415/1165 1074/1416/1166 837/1417/1167
f 837/1417/1167 1074/1416/1166 1073/1418/1168
f 837/1417/1167 1073/1418/1168 838/1355/1105
f 838/1355/1105 1073/1418/1168 1072/1353/1103
# 1100 vertices
# 1418 texture params
# 1168 normals
# 2196 facets

# 1 groups
